event_id,county_name,deaths_direct,injuries_direct,damage_property_num,damage_crops_num,injuries_indirect,deaths_indirect
564702,JEFFERSON CO.,0,0,0,0,0,0
564703,JEFFERSON CO.,0,0,20000,0,0,0
564704,ANDERSON CO.,0,0,30000,0,0,0
564706,SPENCER CO.,0,0,30000,0,0,0
564705,JEFFERSON CO.,0,0,0,0,0,0
564707,JEFFERSON CO.,0,0,500000,0,0,0
566660,POWELL CO.,0,0,1000,0,0,0
564708,JEFFERSON CO.,0,0,20000,0,0,0
566661,WOLFE CO.,0,0,1000,0,0,0
566663,ESTILL CO.,0,0,1000,0,0,0
566666,ESTILL CO.,0,0,1000,0,0,0
566669,POWELL CO.,0,0,1000,0,0,0
566664,ESTILL CO.,0,0,1000,0,0,0
566673,LEE CO.,0,0,1000,0,0,0
566675,MAGOFFIN CO.,0,0,1000,0,0,0
566683,BREATHITT CO.,0,0,1000,0,0,0
566685,BREATHITT CO.,0,0,1000,0,0,0
566698,FLOYD CO.,0,0,1000,0,0,0
566699,FLOYD CO.,0,0,1000,0,0,0
566700,WOLFE CO.,0,0,1000,0,0,0
566701,ESTILL CO.,0,0,1000,0,0,0
566703,JACKSON CO.,0,0,1000,0,0,0
566704,JACKSON CO.,0,0,1000,0,0,0
566747,ESTILL CO.,1,0,1000,0,0,0
566706,FLOYD CO.,0,0,1000,0,0,0
566707,OWSLEY CO.,0,0,1000,0,0,0
564709,BRECKINRIDGE CO.,0,0,0,0,0,0
564714,OHIO CO.,0,0,0,0,0,0
566717,PIKE CO.,0,0,1000,0,0,0
569334,FLOYD CO.,0,0,1000,0,0,0
566716,PIKE CO.,0,0,1000,0,0,0
564712,JEFFERSON CO.,0,0,0,0,0,0
564711,FAYETTE CO.,0,0,0,0,0,0
564710,BULLITT CO.,0,0,1000000,0,0,0
564716,SPENCER CO.,0,0,0,0,0,0
564715,SHELBY CO.,0,0,0,0,0,0
564713,MADISON CO.,0,0,0,0,0,0
569325,KNOTT CO.,0,0,1000,0,0,0
569329,PIKE CO.,0,0,1000,0,0,0
564720,TRIMBLE CO.,0,0,0,0,0,0
564718,MEADE CO.,0,0,0,0,0,0
564717,LINCOLN CO.,0,0,0,0,0,0
564719,OLDHAM CO.,0,0,0,0,0,0
564721,FRANKLIN CO.,0,0,0,0,0,0
566719,BATH CO.,0,0,1000,0,0,0
566720,BATH CO.,0,0,1000,0,0,0
566721,MONTGOMERY CO.,0,0,1000,0,0,0
566725,ROWAN CO.,0,0,1000,0,0,0
566727,MONTGOMERY CO.,0,0,1000,0,0,0
566726,ELLIOTT CO.,0,0,1000,0,0,0
558324,LAWRENCE CO.,0,0,1000000,0,0,0
569343,KNOX CO.,0,0,1000,0,0,0
569346,KNOX CO.,0,0,1000,0,0,0
569347,KNOX CO.,0,0,1000,0,0,0
564734,FRANKLIN CO.,0,0,10000,0,0,0
569335,ESTILL CO.,0,0,1000,0,0,0
569336,ESTILL CO.,0,0,1000,0,0,0
569337,ESTILL CO.,0,0,1000,0,0,0
569338,ESTILL CO.,0,0,1000,0,0,0
565631,OWEN CO.,0,0,0,0,0,0
570937,TODD CO.,0,0,20000,0,0,0
570936,CHRISTIAN CO.,0,0,3000,0,0,0
582701,PIKE CO.,0,0,1000,0,0,0
575804,JEFFERSON CO.,0,0,0,0,0,0
575808,SCOTT CO.,0,0,0,0,0,0
579525,DAVIESS CO.,0,0,0,0,0,0
576534,JEFFERSON CO.,0,0,10000,0,0,0
576536,MADISON CO.,0,0,0,0,0,0
576537,MADISON CO.,0,0,0,0,0,0
576538,GARRARD CO.,0,0,0,0,0,0
579552,CARLISLE CO.,0,0,0,0,0,0
579557,GRAVES CO.,0,0,0,0,0,0
579554,HICKMAN CO.,0,0,0,0,0,0
574805,GREENUP CO.,0,0,15000,0,0,0
583509,PULASKI CO.,0,0,1000,0,0,0
583510,PULASKI CO.,0,0,5000,0,0,0
583512,JACKSON CO.,0,0,1000,0,0,0
583635,BUTLER CO.,0,0,0,0,0,0
583637,BARREN CO.,0,0,0,0,0,0
583638,BARREN CO.,0,0,0,0,0,0
583639,BARREN CO.,0,0,0,0,0,0
583526,MONTGOMERY CO.,0,0,1000,0,0,0
583569,LAUREL CO.,0,0,1000,0,0,0
583547,POWELL CO.,0,0,1000,0,0,0
583553,LAUREL CO.,0,0,1000,0,0,0
583640,TAYLOR CO.,0,0,0,0,0,0
583556,LAUREL CO.,0,0,1000,0,0,0
583559,POWELL CO.,0,0,1000,0,0,0
583560,MONTGOMERY CO.,0,0,1000,0,0,0
583641,BUTLER CO.,0,0,0,0,0,0
583642,EDMONSON CO.,0,0,0,0,0,0
583643,FAYETTE CO.,0,0,0,0,0,0
588933,CHRISTIAN CO.,0,0,0,0,0,0
583644,FAYETTE CO.,0,0,0,0,0,0
583645,MERCER CO.,0,0,0,0,0,0
583646,LARUE CO.,0,0,0,0,0,0
583647,LARUE CO.,0,0,0,0,0,0
575665,CARTER CO.,0,0,100000,0,0,0
588935,DAVIESS CO.,1,0,20000,0,0,0
585376,BRECKINRIDGE CO.,0,0,0,0,0,0
585379,OHIO CO.,0,0,0,0,0,0
583564,LAUREL CO.,0,0,5000,0,0,0
583834,PULASKI CO.,0,0,1000,0,0,0
583839,WHITLEY CO.,0,0,1000,0,0,0
581228,SIMPSON CO.,0,0,0,0,0,0
581230,SIMPSON CO.,0,0,0,0,0,0
581231,SIMPSON CO.,0,0,0,0,0,0
581232,SIMPSON CO.,0,0,10000,0,0,0
581233,ALLEN CO.,0,0,0,0,0,0
581235,ALLEN CO.,0,0,0,0,0,0
581236,ALLEN CO.,0,0,0,0,0,0
581238,ALLEN CO.,0,0,5000,0,0,0
581239,ALLEN CO.,0,0,0,0,0,0
583840,PIKE CO.,0,0,1000,0,0,0
583841,BELL CO.,0,0,1000,0,0,0
583842,JOHNSON CO.,0,0,10000,0,0,0
583849,FLOYD CO.,0,0,5000,0,0,0
588613,MCCRACKEN CO.,0,0,1200000,0,0,0
597503,WHITLEY CO.,0,0,1000,0,0,0
583853,WHITLEY CO.,0,0,1000,0,0,0
597505,WHITLEY CO.,0,0,1000,0,0,0
587368,MCCRACKEN CO.,0,0,0,0,0,0
577453,GREENUP CO.,0,0,25000,0,0,0
581785,TRIMBLE CO.,0,0,0,0,0,0
581787,JEFFERSON CO.,0,0,0,0,0,0
581788,OLDHAM CO.,0,0,0,0,0,0
581789,SPENCER CO.,0,0,25000,0,0,0
581791,JEFFERSON CO.,0,0,0,0,0,0
581793,OLDHAM CO.,0,0,0,0,0,0
581797,JEFFERSON CO.,0,0,100000,0,0,0
581799,JEFFERSON CO.,0,0,0,0,0,0
581801,JEFFERSON CO.,0,0,250000,0,0,0
581802,JEFFERSON CO.,0,0,0,0,0,0
581805,JEFFERSON CO.,0,0,50000,0,0,0
581809,SHELBY CO.,0,0,0,0,0,0
581811,BULLITT CO.,0,0,0,0,0,0
581812,JEFFERSON CO.,0,0,0,0,0,0
581815,JEFFERSON CO.,0,0,0,0,0,0
581828,BOYLE CO.,0,0,0,0,0,0
581848,GARRARD CO.,0,0,0,0,0,0
584088,FLEMING CO.,0,0,15000,0,0,0
584252,JEFFERSON CO.,0,0,0,0,0,0
584256,FAYETTE CO.,0,0,5000,0,0,0
584089,ROWAN CO.,0,0,160000,0,0,0
584092,JOHNSON CO.,4,15,3500000,0,0,0
584095,MORGAN CO.,0,0,1000,0,0,0
584091,JOHNSON CO.,0,0,1000,0,0,0
597534,JOHNSON CO.,0,0,1000,0,0,0
584300,HENRY CO.,0,0,0,0,0,0
584304,TRIMBLE CO.,0,0,75000,0,0,0
584310,TRIMBLE CO.,0,0,0,0,0,0
584312,TRIMBLE CO.,0,0,25000,0,0,0
590159,CARROLL CO.,0,0,2000,0,0,0
584319,HENRY CO.,0,0,0,0,0,0
584322,TRIMBLE CO.,0,0,0,0,0,0
590165,CARROLL CO.,0,0,25000,0,0,0
584998,JEFFERSON CO.,0,0,15000,0,0,0
584999,SPENCER CO.,0,0,0,0,0,0
585000,JEFFERSON CO.,0,0,30000,0,0,0
585004,JEFFERSON CO.,0,0,0,0,0,0
585007,SPENCER CO.,0,0,0,0,0,0
585011,NELSON CO.,0,0,0,0,0,0
585012,JESSAMINE CO.,0,0,0,0,0,0
586021,MORGAN CO.,0,0,1000,0,0,0
585013,MERCER CO.,0,0,0,0,0,0
585015,ANDERSON CO.,0,0,0,0,0,0
586023,LAUREL CO.,0,0,1000,0,0,0
586024,KNOX CO.,0,0,1000,0,0,0
597536,KNOX CO.,0,0,0,0,0,0
586025,KNOX CO.,0,0,1000,0,0,0
586031,WAYNE CO.,0,0,1000,0,0,0
586026,BELL CO.,0,0,1000,0,0,0
586027,BELL CO.,0,0,1000,0,0,0
579090,LAWRENCE CO.,0,0,100000,0,0,0
579074,CARTER CO.,0,0,150000,0,0,0
586106,OWSLEY CO.,0,0,1000,0,0,0
586028,BREATHITT CO.,0,0,1000,0,0,0
586029,BREATHITT CO.,0,0,1000,0,0,0
586032,MORGAN CO.,0,0,1000,0,0,0
586033,WOLFE CO.,0,0,1000,0,0,0
586034,BREATHITT CO.,0,0,1000,0,0,0
586035,MAGOFFIN CO.,0,0,1000,0,0,0
586036,WOLFE CO.,0,0,1000,0,0,0
586038,MORGAN CO.,0,0,1000,0,0,0
586039,MAGOFFIN CO.,0,0,1000,0,0,0
586144,PULASKI CO.,0,0,1000,0,0,0
586040,KNOTT CO.,0,0,1000,0,0,0
586041,MENIFEE CO.,0,0,1000,0,0,0
586115,PERRY CO.,0,0,1000,0,0,0
586131,MENIFEE CO.,0,0,1000,0,0,0
586110,ROCKCASTLE CO.,0,0,1000,0,0,0
586116,LETCHER CO.,0,0,1000,0,0,0
586111,BREATHITT CO.,0,0,1000,0,0,0
586113,LESLIE CO.,0,0,1000,0,0,0
586139,BELL CO.,0,0,1000,0,0,0
586130,FLOYD CO.,0,0,1000,0,0,0
586129,FLOYD CO.,0,0,1000,0,0,0
586138,BELL CO.,0,0,1000,0,0,0
586133,KNOTT CO.,0,0,1000,0,0,0
586136,KNOTT CO.,0,0,1000,0,0,0
586141,MCCREARY CO.,0,0,1000,0,0,0
586135,LESLIE CO.,0,0,1000,0,0,0
586346,ROWAN CO.,0,0,1000,0,0,0
586347,FLEMING CO.,0,0,1000,0,0,0
586349,ROWAN CO.,0,0,1000,0,0,0
594151,MASON CO.,0,0,8000,0,0,0
586352,ROWAN CO.,0,0,1000,0,0,0
586353,FLEMING CO.,0,0,1000,0,0,0
579915,LAWRENCE CO.,0,0,450000,0,0,0
597537,ELLIOTT CO.,0,0,1000,0,0,0
589644,MARION CO.,0,0,0,0,0,0
586365,ROCKCASTLE CO.,0,0,1000,0,0,0
587358,TRIGG CO.,0,0,0,0,0,0
587357,CALDWELL CO.,1,0,80000,0,0,0
585312,HARRISON CO.,0,0,0,0,0,0
585307,HARRISON CO.,0,0,0,0,0,0
586776,ROWAN CO.,0,0,1000,0,0,0
586777,MONTGOMERY CO.,0,0,50000,0,0,0
586778,BATH CO.,0,0,1000,0,0,0
586779,BATH CO.,0,0,1000,0,0,0
586780,BATH CO.,0,0,1000,0,0,0
587078,BOURBON CO.,0,0,0,0,0,0
586806,BELL CO.,0,0,1000,0,0,0
593426,CALDWELL CO.,0,0,3000,0,0,0
609266,MARSHALL CO.,0,0,50000,0,0,0
609268,CALLOWAY CO.,0,0,25000,0,0,0
609270,MCCRACKEN CO.,0,0,0,0,0,0
609271,HOPKINS CO.,0,0,0,0,0,0
606262,BUTLER CO.,0,0,75000,0,0,0
607256,CARTER CO.,0,0,15000,0,0,0
607257,BOYD CO.,0,0,10000,0,0,0
607258,LAWRENCE CO.,0,0,10000,0,0,0
612489,BELL CO.,0,0,1000,0,0,0
612490,KNOX CO.,0,0,1000,0,0,0
609541,GRAVES CO.,0,0,0,0,0,0
609543,MCCRACKEN CO.,0,0,0,0,0,0
609539,CALLOWAY CO.,0,0,0,0,0,0
610037,NELSON CO.,0,0,0,0,0,0
614625,MAGOFFIN CO.,0,0,0,0,0,0
610050,BOYD CO.,0,0,15000,0,0,0
610051,LAWRENCE CO.,0,0,5000,0,0,0
620472,GRAVES CO.,0,0,0,0,0,0
620474,FULTON CO.,0,0,0,0,0,0
620964,CARLISLE CO.,0,0,0,0,0,0
625665,WEBSTER CO.,0,0,0,0,0,0
625670,HENDERSON CO.,0,0,0,0,0,0
625677,DAVIESS CO.,0,0,0,0,0,0
629182,PERRY CO.,0,0,1000,0,0,0
623516,BREATHITT CO.,0,0,10000,0,0,0
622483,OWEN CO.,1,0,50000,0,0,0
622238,BOYD CO.,0,0,25000,0,0,0
623717,OWSLEY CO.,0,0,1000,0,0,0
623718,MAGOFFIN CO.,0,0,0,0,0,0
623719,FLOYD CO.,0,0,0,0,0,0
630331,DAVIESS CO.,0,0,100000,0,0,0
626571,HARDIN CO.,0,0,0,0,0,0
627331,WOLFE CO.,0,0,1000,1000,0,0
626615,LOGAN CO.,0,0,0,0,0,0
632950,TODD CO.,0,0,40000,0,0,0
626616,LOGAN CO.,0,0,5000,0,0,0
626617,LOGAN CO.,0,0,0,0,0,0
626618,SIMPSON CO.,0,0,0,0,0,0
626619,LOGAN CO.,0,0,0,0,0,0
626620,SIMPSON CO.,0,0,0,0,0,0
624496,JACKSON CO.,0,0,0,0,0,0
626622,LOGAN CO.,0,0,0,0,0,0
626623,WARREN CO.,0,0,0,0,0,0
630213,MCCRACKEN CO.,0,0,0,0,0,0
630215,GRAVES CO.,0,0,0,0,0,0
626624,WARREN CO.,0,0,0,0,0,0
626625,HART CO.,0,0,0,0,0,0
626626,HART CO.,0,0,0,0,0,0
630217,HICKMAN CO.,0,0,0,0,0,0
626627,SIMPSON CO.,0,0,0,0,0,0
626628,SIMPSON CO.,0,0,0,0,0,0
627128,WAYNE CO.,0,0,100,100,0,0
626629,SIMPSON CO.,0,0,0,0,0,0
627685,SIMPSON CO.,0,0,0,0,0,0
627686,LINCOLN CO.,0,0,0,0,0,0
627687,ANDERSON CO.,0,0,0,0,0,0
627690,SIMPSON CO.,0,0,0,0,0,0
627689,SIMPSON CO.,0,0,0,0,0,0
627688,SIMPSON CO.,0,0,0,0,0,0
632683,BULLITT CO.,0,0,0,0,0,0
632140,SIMPSON CO.,0,0,0,0,0,0
632110,BELL CO.,0,0,1000,100,0,0
632112,HARLAN CO.,0,0,500000,5000,0,0
632105,LESLIE CO.,0,0,50000,1000,0,0
632116,ESTILL CO.,0,0,0,0,0,0
633825,OWEN CO.,0,0,0,0,0,0
638248,BOYD CO.,0,0,40000,0,0,0
633826,OWEN CO.,0,0,0,0,0,0
633828,OWEN CO.,0,0,0,0,0,0
633827,OWEN CO.,0,0,0,0,0,0
638279,LAWRENCE CO.,0,0,50000,0,0,0
634135,PIKE CO.,0,0,1000,0,0,0
642486,CARLISLE CO.,0,0,10000,0,0,0
642488,CALLOWAY CO.,0,0,30000,0,0,0
642490,GRAVES CO.,0,0,0,0,0,0
642493,MARSHALL CO.,0,0,400000,0,0,0
642495,CRITTENDEN CO.,0,0,0,0,0,0
642180,ALLEN CO.,0,0,0,0,0,0
645195,HOPKINS CO.,0,0,50000,0,0,0
645330,CRITTENDEN CO.,0,0,0,0,0,0
642181,BUTLER CO.,0,0,0,0,0,0
645432,MUHLENBERG CO.,0,0,40000,0,0,0
645435,WEBSTER CO.,0,0,0,0,0,0
642182,BUTLER CO.,0,0,0,0,0,0
642183,BUTLER CO.,0,0,0,0,0,0
642184,WARREN CO.,0,0,0,0,0,0
642185,SIMPSON CO.,0,0,0,0,0,0
646563,CALDWELL CO.,0,0,30000,0,0,0
646564,CHRISTIAN CO.,0,0,10000,0,0,0
645394,LIVINGSTON CO.,0,0,40000,0,0,0
646565,TODD CO.,0,0,600000,0,0,0
646566,TRIGG CO.,0,0,150000,0,0,0
646568,MARSHALL CO.,0,0,2000000,0,0,0
642186,LOGAN CO.,0,0,0,0,0,0
647420,MCCRACKEN CO.,0,0,0,0,0,0
642187,SIMPSON CO.,0,0,0,0,0,0
646583,CALLOWAY CO.,0,0,10000,0,0,0
642188,SIMPSON CO.,0,0,0,0,0,0
642189,EDMONSON CO.,0,0,0,0,0,0
646591,CHRISTIAN CO.,0,0,0,0,0,0
642190,SIMPSON CO.,0,0,0,0,0,0
642191,SIMPSON CO.,0,0,0,0,0,0
637123,MADISON CO.,0,0,0,0,0,0
637124,LINCOLN CO.,0,0,0,0,0,0
637125,GARRARD CO.,0,0,0,0,0,0
634805,BREATHITT CO.,0,0,5000,0,0,0
634806,PULASKI CO.,0,0,100,0,0,0
634811,BELL CO.,0,0,100,0,0,0
634810,LESLIE CO.,0,0,20000,0,0,0
646745,MCCRACKEN CO.,0,0,0,0,0,0
646749,BALLARD CO.,0,0,0,0,0,0
634809,CLAY CO.,0,0,20000,0,0,0
646761,WEBSTER CO.,0,0,40000,0,0,0
646758,DAVIESS CO.,0,0,0,0,0,0
646763,MCLEAN CO.,0,0,8000,0,0,0
642090,BARREN CO.,0,0,0,0,0,0
642092,BARREN CO.,0,0,0,0,0,0
646788,DAVIESS CO.,0,0,0,0,0,0
642097,OHIO CO.,0,0,0,0,0,0
642095,HARDIN CO.,0,0,0,0,0,0
642098,OHIO CO.,0,0,0,0,0,0
642450,PIKE CO.,0,0,100,10,0,0
642451,WHITLEY CO.,0,0,100,10,0,0
642453,WHITLEY CO.,0,0,100,10,0,0
642105,FRANKLIN CO.,0,0,0,0,0,0
642210,FRANKLIN CO.,0,0,0,0,0,0
642106,SCOTT CO.,0,0,0,0,0,0
642661,CAMPBELL CO.,0,0,50000,0,0,0
642107,CLARK CO.,0,0,0,0,0,0
642458,MONTGOMERY CO.,0,0,300,0,0,0
642454,ROWAN CO.,0,0,500,100,0,0
646931,TODD CO.,0,0,10000,0,0,0
642464,MONTGOMERY CO.,0,0,25000,10,0,0
642109,MADISON CO.,0,0,0,0,0,0
641513,CARROLL CO.,0,0,0,0,0,0
641514,CARROLL CO.,0,0,0,0,0,0
650390,MCCRACKEN CO.,0,0,30000,0,0,0
654133,GRAVES CO.,0,0,30000,0,0,0
650392,MARSHALL CO.,0,0,0,0,0,0
642192,CLARK CO.,0,0,0,0,0,0
640987,LAWRENCE CO.,0,0,0,0,0,0
641166,LAWRENCE CO.,0,0,0,0,0,0
642194,CLARK CO.,0,0,0,0,0,0
642195,CLARK CO.,0,0,0,0,0,0
642478,PULASKI CO.,0,0,25000,0,0,0
642482,CLAY CO.,0,0,500,0,0,0
642483,BELL CO.,0,0,1000,10,0,0
652342,DAVIESS CO.,0,0,0,0,0,0
652348,MCCRACKEN CO.,0,0,0,0,0,0
652346,BALLARD CO.,0,0,0,0,0,0
654136,MARSHALL CO.,0,0,0,0,0,0
642489,LESLIE CO.,0,0,100,50,0,0
642487,BELL CO.,0,0,3000,50,0,0
654082,BALLARD CO.,0,0,40000,0,0,0
654084,MCCRACKEN CO.,0,0,5000,0,0,0
654089,DAVIESS CO.,0,0,0,0,0,0
645405,CAMPBELL CO.,0,0,1000,0,0,0
643572,BOYD CO.,0,0,0,0,0,0
647034,MADISON CO.,0,0,0,0,0,0
649187,BOONE CO.,0,0,0,0,0,0
649188,KENTON CO.,0,0,50000,0,0,0
649190,KENTON CO.,0,0,2000,0,0,0
649191,BOONE CO.,0,0,0,0,0,0
649193,CAMPBELL CO.,0,0,0,0,0,0
649196,CAMPBELL CO.,0,0,0,0,0,0
650357,POWELL CO.,0,0,10,0,0,0
650359,POWELL CO.,0,0,50,0,0,0
658206,BOONE CO.,0,0,10000,0,0,0
658207,CAMPBELL CO.,0,0,0,0,0,0
676345,LEWIS CO.,0,0,0,0,0,0
676346,LEWIS CO.,0,0,0,0,0,0
676349,LEWIS CO.,0,0,200000,0,0,0
676367,BOONE CO.,0,0,50000,0,0,0
675717,HANCOCK CO.,0,0,0,0,0,0
673714,GREENUP CO.,0,0,1000,0,0,0
680040,KNOX CO.,0,0,0,0,0,0
681837,CAMPBELL CO.,0,0,0,0,0,0
681840,KENTON CO.,0,0,0,0,0,0
681252,WHITLEY CO.,0,0,0,0,0,0
681544,HARLAN CO.,0,0,0,0,0,0
684594,JEFFERSON CO.,0,0,0,0,0,0
687747,HENDERSON CO.,0,0,0,0,0,0
684595,OLDHAM CO.,0,0,0,0,0,0
688084,CARROLL CO.,0,0,0,0,0,0
688085,BOONE CO.,0,0,0,0,0,0
689605,HICKMAN CO.,0,0,0,0,0,0
689606,BALLARD CO.,0,0,0,0,0,0
687766,ALLEN CO.,0,0,0,0,0,0
687768,ALLEN CO.,0,0,0,0,0,0
687770,ALLEN CO.,0,0,0,0,0,0
687772,ALLEN CO.,0,0,0,0,0,0
688102,PERRY CO.,0,0,100,0,0,0
688103,PIKE CO.,0,0,50000,0,0,0
688104,FLOYD CO.,0,0,500,0,0,0
688107,FLOYD CO.,0,0,10000,0,0,0
688945,CARTER CO.,0,0,2000,0,0,0
688949,BOYD CO.,0,0,2000,0,0,0
691229,LEWIS CO.,0,0,0,0,0,0
691230,CARROLL CO.,0,0,0,0,0,0
688286,MAGOFFIN CO.,0,0,1000,0,0,0
687774,HART CO.,0,0,0,0,0,0
688609,PIKE CO.,0,0,20000,0,0,0
688608,MARTIN CO.,0,0,500,0,0,0
691253,GALLATIN CO.,0,0,0,0,0,0
691257,GALLATIN CO.,0,0,0,0,0,0
689886,ESTILL CO.,0,0,1000,0,0,0
692708,LEWIS CO.,0,0,0,0,0,0
691150,GREEN CO.,0,0,0,0,0,0
689887,LETCHER CO.,0,0,1000,0,0,0
691147,TAYLOR CO.,0,0,0,0,0,0
691148,TAYLOR CO.,0,0,40000,0,0,0
689888,PULASKI CO.,0,0,1000,0,0,0
691149,CASEY CO.,0,0,50000,0,0,0
691151,TAYLOR CO.,0,0,0,0,0,0
691152,CASEY CO.,0,0,40000,0,0,0
691155,CLINTON CO.,0,0,0,0,0,0
691156,CUMBERLAND CO.,0,0,0,0,0,0
689894,KNOX CO.,0,0,1000,0,0,0
689901,HARLAN CO.,0,0,1000,0,0,0
689907,PULASKI CO.,0,0,1000,0,0,0
689910,PULASKI CO.,0,0,1000,0,0,0
693427,MAGOFFIN CO.,0,0,0,0,0,0
693428,KNOTT CO.,0,0,0,0,0,0
703397,MARSHALL CO.,0,0,0,0,0,0
703398,CALLOWAY CO.,0,0,100000,0,0,0
694330,NELSON CO.,0,0,0,0,0,0
703402,MCCRACKEN CO.,0,0,0,0,0,0
694553,LEWIS CO.,0,0,5000,0,0,0
697593,HARDIN CO.,0,0,0,0,0,0
702394,HARDIN CO.,0,0,0,0,0,0
697594,HARDIN CO.,0,0,0,0,0,0
702395,BULLITT CO.,0,0,0,0,0,0
702396,FRANKLIN CO.,0,0,0,0,0,0
702400,NELSON CO.,0,0,0,0,0,0
702399,FRANKLIN CO.,0,0,0,0,0,0
702398,FRANKLIN CO.,0,0,0,0,0,0
702397,FRANKLIN CO.,0,0,0,0,0,0
702401,ANDERSON CO.,0,0,0,0,0,0
702403,ANDERSON CO.,0,0,0,0,0,0
702402,ANDERSON CO.,0,0,0,0,0,0
702404,HARDIN CO.,0,0,0,0,0,0
702407,WOODFORD CO.,0,0,0,0,0,0
702405,NELSON CO.,0,0,0,0,0,0
702406,NICHOLAS CO.,0,0,0,0,0,0
695269,FLEMING CO.,0,0,0,0,0,0
702408,TAYLOR CO.,0,0,0,0,0,0
702409,FAYETTE CO.,0,0,0,0,0,0
696740,GREENUP CO.,0,0,2000,0,0,0
697063,CARTER CO.,0,0,2300000,0,0,0
695276,BATH CO.,0,0,0,0,0,0
695283,POWELL CO.,0,0,0,0,0,0
702410,SCOTT CO.,0,0,0,0,0,0
702411,SCOTT CO.,0,0,0,0,0,0
697043,BOYD CO.,0,0,60000,0,0,0
696734,LAWRENCE CO.,0,0,2000,0,0,0
695298,ROWAN CO.,0,0,0,0,0,0
695290,MONTGOMERY CO.,0,0,0,0,0,0
695308,ELLIOTT CO.,0,0,10000,0,0,0
697047,BOYD CO.,0,0,60000,0,0,0
697738,JACKSON CO.,0,0,0,0,0,0
697874,ROCKCASTLE CO.,0,0,0,0,0,0
698530,HANCOCK CO.,0,0,0,0,0,0
706970,BRACKEN CO.,1,0,250000,0,0,0
706951,BRACKEN CO.,0,0,0,0,0,0
706950,MASON CO.,0,0,750000,0,0,0
702373,FLEMING CO.,0,0,120000,0,0,0
711116,ROWAN CO.,0,0,50000,0,0,0
705010,LAWRENCE CO.,0,0,5000,0,0,0
704911,MORGAN CO.,0,0,1000,0,0,0
704913,MORGAN CO.,0,0,1000,0,0,0
704914,MAGOFFIN CO.,0,0,10000,0,0,0
704917,MAGOFFIN CO.,0,0,3000,0,0,0
704919,JOHNSON CO.,0,0,1000,0,0,0
704918,JOHNSON CO.,0,0,1000,0,0,0
705999,OLDHAM CO.,0,0,0,0,0,0
706000,HENRY CO.,0,0,0,0,0,0
711484,SIMPSON CO.,0,0,0,0,0,0
711486,LOGAN CO.,0,0,0,0,0,0
711487,SIMPSON CO.,0,0,0,0,0,0
718430,TODD CO.,0,0,350000,0,0,0
711488,SIMPSON CO.,0,0,0,0,0,0
711489,HART CO.,0,0,10000,0,0,0
711490,BARREN CO.,0,0,10000,0,0,0
711491,BARREN CO.,0,0,10000,0,0,0
711492,LOGAN CO.,0,0,10000,0,0,0
711493,METCALFE CO.,0,0,0,0,0,0
711494,LOGAN CO.,0,0,10000,0,0,0
711495,METCALFE CO.,0,0,0,0,0,0
723533,MUHLENBERG CO.,0,0,0,0,0,0
732317,MASON CO.,0,0,0,0,0,0
736600,JEFFERSON CO.,0,0,0,0,0,0
736601,JEFFERSON CO.,0,0,200000,0,0,0
736602,JEFFERSON CO.,0,0,0,0,0,0
736603,JEFFERSON CO.,0,0,0,0,0,0
736604,JEFFERSON CO.,0,0,0,0,0,0
736605,JEFFERSON CO.,0,0,0,0,0,0
736606,JEFFERSON CO.,0,0,0,0,0,0
736607,JEFFERSON CO.,0,0,0,0,0,0
733160,CARROLL CO.,0,0,0,0,0,0
733165,GALLATIN CO.,0,0,0,0,0,0
737276,DAVIESS CO.,0,0,0,0,0,0
736608,OLDHAM CO.,0,0,0,0,0,0
733168,KENTON CO.,0,0,0,0,0,0
736609,BULLITT CO.,0,0,100000,0,0,0
733169,CAMPBELL CO.,0,0,0,0,0,0
737279,UNION CO.,1,0,0,0,0,0
733172,BOONE CO.,0,0,3000,0,0,0
736610,TRIMBLE CO.,0,0,0,0,0,0
736611,BULLITT CO.,0,0,0,0,0,0
736612,BULLITT CO.,0,0,102000,0,0,0
736616,HANCOCK CO.,0,0,0,0,0,0
736613,JEFFERSON CO.,0,0,0,0,0,0
737281,WEBSTER CO.,0,0,0,0,0,0
736614,JEFFERSON CO.,0,0,25000,0,0,0
736615,JEFFERSON CO.,0,0,0,0,0,0
742612,HENRY CO.,0,0,85000,0,0,0
736617,JEFFERSON CO.,0,0,0,0,0,0
736618,HARDIN CO.,0,0,0,0,0,0
736619,JEFFERSON CO.,0,0,0,0,0,0
736620,JEFFERSON CO.,0,0,0,0,0,0
736621,JEFFERSON CO.,0,0,0,0,0,0
736622,JEFFERSON CO.,0,0,0,0,0,0
736639,OLDHAM CO.,0,0,0,0,0,0
742198,OWEN CO.,0,0,3000,0,0,0
746859,JEFFERSON CO.,0,0,0,0,0,0
746862,JEFFERSON CO.,0,0,0,0,0,0
745106,LETCHER CO.,0,0,80000,0,0,0
745280,LEWIS CO.,0,0,20000,0,0,0
746867,SCOTT CO.,0,0,0,0,0,0
746868,SCOTT CO.,0,0,0,0,0,0
745282,BATH CO.,0,0,1000,0,0,0
745283,MONTGOMERY CO.,0,0,0,10,0,0
745284,ROWAN CO.,0,0,0,10,0,0
746869,GREEN CO.,0,0,0,0,0,0
745281,LEWIS CO.,0,0,50000,0,0,0
745285,ELLIOTT CO.,0,0,100,0,0,0
746870,NICHOLAS CO.,0,0,0,0,0,0
745485,MORGAN CO.,0,0,30000,100,0,0
746871,FAYETTE CO.,0,0,0,0,0,0
746872,FAYETTE CO.,0,0,0,0,0,0
746873,FAYETTE CO.,0,0,0,0,0,0
746875,OHIO CO.,0,0,60000,0,0,0
745486,MAGOFFIN CO.,0,0,2000,0,0,0
745508,GRANT CO.,0,0,30000,0,0,0
746874,FAYETTE CO.,0,0,0,0,0,0
745503,GRANT CO.,0,0,0,0,0,0
745505,GRANT CO.,0,0,10000,0,0,0
745512,GRANT CO.,0,0,0,0,0,0
745487,JACKSON CO.,0,0,0,0,0,0
746878,RUSSELL CO.,0,0,0,0,0,0
754719,MCCRACKEN CO.,0,0,25000,0,0,0
754718,MCCRACKEN CO.,0,0,0,0,0,0
757535,MADISON CO.,0,0,0,0,0,0
757536,MADISON CO.,0,0,0,0,0,0
757537,MADISON CO.,0,0,0,0,0,0
748121,JACKSON CO.,0,0,500,0,0,0
757539,MARION CO.,0,0,0,0,0,0
757540,MARION CO.,0,0,0,0,0,0
757541,MARION CO.,0,0,0,0,0,0
754715,BALLARD CO.,0,0,5000,0,0,0
757547,RUSSELL CO.,0,0,0,0,0,0
754716,CHRISTIAN CO.,0,0,0,0,0,0
757542,WASHINGTON CO.,0,0,0,0,0,0
757543,BOYLE CO.,0,0,0,0,0,0
757544,MERCER CO.,0,0,0,0,0,0
757545,MERCER CO.,0,0,0,0,0,0
757546,MARION CO.,0,0,0,0,0,0
757548,BOYLE CO.,0,0,0,0,0,0
748122,WHITLEY CO.,0,0,100,0,0,0
755248,CARTER CO.,0,0,1000,0,0,0
755274,BOYLE CO.,0,0,0,0,0,0
757427,LINCOLN CO.,0,0,0,0,0,0
757428,LINCOLN CO.,0,0,50000,0,0,0
757429,LINCOLN CO.,0,0,300000,0,0,0
757430,METCALFE CO.,0,0,0,0,0,0
752882,HARLAN CO.,0,0,25000,0,0,0
752889,JACKSON CO.,0,0,0,0,0,0
757431,CASEY CO.,0,0,0,0,0,0
757434,SCOTT CO.,0,0,10000,0,0,0
752893,BELL CO.,0,0,20000,0,0,0
763845,GARRARD CO.,0,0,10000,0,0,0
763847,BOYLE CO.,0,0,20000,0,0,0
763879,JESSAMINE CO.,0,0,100000,0,0,0
763882,FRANKLIN CO.,0,0,0,0,0,0
763883,JEFFERSON CO.,0,0,0,0,0,0
763884,JEFFERSON CO.,0,0,0,0,0,0
763886,TRIMBLE CO.,0,0,0,0,0,0
764249,JEFFERSON CO.,0,0,25000,0,0,0
764270,JEFFERSON CO.,0,0,0,0,0,0
762096,MONTGOMERY CO.,0,0,0,0,0,0
762095,POWELL CO.,0,0,0,0,0,0
763960,KNOX CO.,0,0,0,0,0,0
767280,CARTER CO.,0,0,150000,0,0,0
764530,LEWIS CO.,0,0,0,0,0,0
764531,LEWIS CO.,0,0,0,0,0,0
764532,LEWIS CO.,0,0,15000,0,0,0
764533,BRACKEN CO.,0,0,0,0,0,0
782830,WOODFORD CO.,0,0,0,0,0,0
782825,FRANKLIN CO.,0,0,0,0,0,0
771264,WARREN CO.,0,0,0,0,0,0
782852,MONROE CO.,0,0,0,0,0,0
782853,MONROE CO.,0,0,0,0,0,0
782843,FRANKLIN CO.,0,0,0,0,0,0
767024,KNOX CO.,0,0,0,0,0,0
767026,WHITLEY CO.,0,0,0,0,0,0
767025,KNOX CO.,0,0,0,0,0,0
782845,JEFFERSON CO.,0,0,0,0,0,0
773261,BATH CO.,0,0,0,0,0,0
772816,CAMPBELL CO.,0,0,10000,0,0,0
783637,JEFFERSON CO.,0,0,0,0,0,0
783635,JEFFERSON CO.,0,0,5000,0,0,0
783638,JEFFERSON CO.,0,0,5000,0,0,0
783651,JEFFERSON CO.,0,0,40000,0,0,0
783639,JEFFERSON CO.,0,0,10000,0,0,0
783656,JEFFERSON CO.,0,0,10000,0,0,0
783652,JEFFERSON CO.,0,0,30000,0,0,0
783657,JEFFERSON CO.,0,0,1000,0,0,0
784424,JEFFERSON CO.,1,0,10000,0,0,0
783658,CLARK CO.,0,0,0,0,0,0
774126,MONTGOMERY CO.,0,0,5000,0,0,0
773423,BATH CO.,0,0,20000,0,0,0
780981,CARTER CO.,0,0,500,0,0,0
780986,GREENUP CO.,0,0,2000,0,0,0
773418,MENIFEE CO.,0,0,550000,0,0,0
783659,JESSAMINE CO.,0,0,0,0,0,0
783660,JESSAMINE CO.,0,0,0,0,0,0
773421,POWELL CO.,0,0,0,0,0,0
773419,MENIFEE CO.,0,0,5500,0,0,0
773420,ESTILL CO.,0,0,0,0,0,0
773422,POWELL CO.,0,0,0,0,0,0
775945,MCCREARY CO.,0,0,0,0,0,0
783677,HARRISON CO.,0,0,0,0,0,0
783683,SCOTT CO.,0,0,0,0,0,0
783682,SCOTT CO.,0,0,0,0,0,0
783681,SCOTT CO.,0,0,0,0,0,0
783679,HARRISON CO.,0,0,0,0,0,0
783684,SCOTT CO.,0,0,0,0,0,0
783685,NICHOLAS CO.,0,0,0,0,0,0
783686,SCOTT CO.,0,0,0,0,0,0
783687,SCOTT CO.,0,0,0,0,0,0
783688,SCOTT CO.,0,0,0,0,0,0
783689,SCOTT CO.,0,0,0,0,0,0
783690,SCOTT CO.,0,0,0,0,0,0
783691,NICHOLAS CO.,0,0,0,0,0,0
783693,SCOTT CO.,0,0,30000,0,0,0
783694,SCOTT CO.,0,0,10000,0,0,0
775956,FLEMING CO.,0,0,0,0,0,0
783696,SCOTT CO.,0,0,0,0,0,0
775951,BATH CO.,0,0,0,0,0,0
783698,CLINTON CO.,0,0,0,0,0,0
777537,HARLAN CO.,0,0,0,0,0,0
777538,HARLAN CO.,0,0,0,0,0,0
777540,BELL CO.,0,0,0,0,0,0
784989,FAYETTE CO.,0,0,0,0,0,0
778480,BREATHITT CO.,0,0,0,0,0,0
778481,KNOTT CO.,0,0,0,0,0,0
786073,BUTLER CO.,0,0,20000,0,0,0
793876,CUMBERLAND CO.,0,0,0,0,0,0
798071,CAMPBELL CO.,0,0,0,0,0,0
798075,CAMPBELL CO.,0,0,0,0,0,0
802943,HICKMAN CO.,0,0,0,0,0,0
802945,CALLOWAY CO.,0,0,50000,0,0,0
802946,TRIGG CO.,0,0,25000,0,0,0
800058,OHIO CO.,0,0,0,0,0,0
800059,GRAYSON CO.,0,0,0,0,0,0
800060,LOGAN CO.,0,0,0,0,0,0
800061,ALLEN CO.,0,0,0,0,0,0
800062,EDMONSON CO.,0,0,0,0,0,0
800063,HART CO.,0,0,0,0,0,0
802948,TODD CO.,0,0,5000,0,0,0
800068,MONROE CO.,0,0,0,0,0,0
800065,EDMONSON CO.,0,0,0,0,0,0
800064,BUTLER CO.,0,0,0,0,0,0
800070,WARREN CO.,0,0,0,0,0,0
800069,SIMPSON CO.,0,0,0,0,0,0
800071,GREEN CO.,0,0,0,0,0,0
800075,CUMBERLAND CO.,0,0,0,0,0,0
800078,LOGAN CO.,0,0,0,0,0,0
800080,RUSSELL CO.,0,0,0,0,0,0
800081,CLINTON CO.,0,0,0,0,0,0
800073,TAYLOR CO.,0,0,0,0,0,0
800083,SIMPSON CO.,0,0,0,0,0,0
800085,ADAIR CO.,0,0,0,0,0,0
800087,METCALFE CO.,0,0,0,0,0,0
800082,GARRARD CO.,0,0,0,0,0,0
800084,MADISON CO.,0,0,0,0,0,0
800228,WOLFE CO.,0,0,65000,0,0,0
800086,CASEY CO.,0,0,0,0,0,0
800230,MORGAN CO.,0,0,0,0,0,0
800209,MAGOFFIN CO.,0,0,250000,0,0,0
800231,MAGOFFIN CO.,0,0,40000,0,0,0
800223,LEE CO.,0,0,0,0,0,0
800229,JOHNSON CO.,0,0,0,0,0,0
800227,FLOYD CO.,0,0,35000,0,0,0
800225,MARTIN CO.,0,0,0,0,0,0
800088,LINCOLN CO.,0,0,0,0,0,0
800089,LARUE CO.,0,0,0,0,0,0
800221,WOLFE CO.,0,0,15000,0,0,0
800220,BREATHITT CO.,0,0,0,0,0,0
800222,WOLFE CO.,0,0,30000,0,0,0
800226,MORGAN CO.,0,0,0,0,0,0
800090,LARUE CO.,0,0,0,0,0,0
800224,POWELL CO.,0,0,0,0,0,0
807424,GRAVES CO.,0,0,25000,0,0,0
807432,HENDERSON CO.,0,0,10000,0,0,0
816147,MONTGOMERY CO.,0,0,0,0,0,0
817484,ROCKCASTLE CO.,0,0,125000,0,0,0
817486,POWELL CO.,0,0,150000,0,0,0
817487,MENIFEE CO.,0,0,0,0,0,0
818106,NICHOLAS CO.,0,0,0,0,0,0
818108,NICHOLAS CO.,0,0,0,0,0,0
818107,NICHOLAS CO.,0,0,0,0,0,0
841434,CUMBERLAND CO.,0,0,0,0,0,0
818658,JACKSON CO.,0,0,0,0,0,0
830794,CAMPBELL CO.,0,0,0,0,0,0
830818,KENTON CO.,0,0,0,0,0,0
830812,BOONE CO.,0,0,15000,0,0,0
820090,CLAY CO.,0,0,75000,0,0,0
825734,PENDLETON CO.,0,0,25000,0,0,0
825735,MASON CO.,0,0,25000,0,0,0
841810,JEFFERSON CO.,0,0,0,0,0,0
841811,JEFFERSON CO.,0,0,0,0,0,0
833069,BOYD CO.,0,0,2000,0,0,0
820120,PIKE CO.,0,0,2000,0,0,0
820151,WHITLEY CO.,0,0,0,0,0,0
829439,WEBSTER CO.,0,0,0,0,0,0
829280,WEBSTER CO.,0,0,0,0,0,0
829273,DAVIESS CO.,0,0,0,0,0,0
829262,DAVIESS CO.,0,0,10000,0,0,0
841624,OHIO CO.,0,0,0,0,0,0
841625,OHIO CO.,0,0,0,0,0,0
841628,OHIO CO.,0,0,0,0,0,0
841629,LOGAN CO.,0,0,0,0,0,0
841631,LOGAN CO.,0,0,0,0,0,0
826058,LAUREL CO.,0,0,2500,0,0,0
826065,PULASKI CO.,0,0,0,0,0,0
843677,HARRISON CO.,0,0,0,0,0,0
843679,BOURBON CO.,0,0,0,0,0,0
833022,HOPKINS CO.,0,0,0,0,0,0
833025,CRITTENDEN CO.,0,0,0,0,0,0
826086,KNOX CO.,0,0,6000,0,0,0
826087,BELL CO.,0,0,5000,0,0,0
833222,HOPKINS CO.,0,0,4000,0,0,0
833223,MCCRACKEN CO.,0,0,0,0,0,0
826439,MONTGOMERY CO.,0,0,0,0,0,0
826443,FLEMING CO.,0,0,0,0,0,0
826459,MONTGOMERY CO.,0,0,0,0,0,0
826497,PULASKI CO.,0,0,0,0,0,0
826915,BATH CO.,0,0,500,0,0,0
828120,KENTON CO.,0,0,0,0,0,0
828121,KENTON CO.,0,0,20000,0,0,0
843707,GARRARD CO.,0,0,20000,0,0,0
843708,MERCER CO.,0,0,0,0,0,0
827487,KNOX CO.,0,0,3000,0,0,0
827486,BELL CO.,0,0,0,0,0,0
828280,LETCHER CO.,0,0,0,0,0,0
843735,FAYETTE CO.,0,0,0,0,0,0
843736,LOGAN CO.,0,0,15000,0,0,0
843737,LOGAN CO.,0,0,0,0,0,0
843741,LOGAN CO.,0,0,0,0,0,0
833233,GRAVES CO.,0,0,0,0,0,0
833243,HOPKINS CO.,0,0,0,0,0,0
829577,ROWAN CO.,0,0,15000,0,0,0
839685,LAWRENCE CO.,0,0,1000,0,0,0
832652,JACKSON CO.,0,0,1500,0,0,0
834424,BATH CO.,0,0,1000,0,0,0
834418,BATH CO.,0,0,500,0,0,0
847128,NICHOLAS CO.,0,0,0,0,0,0
847123,NICHOLAS CO.,0,0,0,0,0,0
841255,BATH CO.,0,0,0,0,0,0
847202,HARRISON CO.,0,0,0,0,0,0
856247,MUHLENBERG CO.,0,0,35000,0,0,0
863305,DAVIESS CO.,0,0,0,0,0,0
863307,HENDERSON CO.,0,0,50000,0,0,0
866696,MEADE CO.,0,0,0,0,0,0
858559,ROCKCASTLE CO.,0,0,500,0,0,0
866704,BRECKINRIDGE CO.,0,0,10000,0,0,0
866713,GRAYSON CO.,0,0,10000,0,0,0
866697,GARRARD CO.,0,0,0,0,0,0
866700,LINCOLN CO.,0,0,0,0,0,0
866702,BOYLE CO.,0,0,0,0,0,0
866703,HARDIN CO.,0,0,0,0,0,0
866705,MARION CO.,0,0,0,0,0,0
866706,WASHINGTON CO.,0,0,0,0,0,0
866709,HARDIN CO.,0,0,15000,0,0,0
866711,MADISON CO.,0,0,0,0,0,0
866712,LINCOLN CO.,0,0,0,0,0,0
865943,CALLOWAY CO.,0,0,0,0,0,0
869324,CASEY CO.,0,0,15000,0,0,0
865945,TODD CO.,0,0,5000,0,0,0
865946,CHRISTIAN CO.,0,0,0,0,0,0
868893,MARSHALL CO.,0,0,0,0,0,0
868897,CRITTENDEN CO.,0,0,0,0,0,0
868895,WEBSTER CO.,0,0,0,0,0,0
868896,BALLARD CO.,0,0,0,0,0,0
867883,MCCREARY CO.,0,0,5000,0,0,0
872338,CALLOWAY CO.,0,0,0,0,0,0
872339,TRIGG CO.,0,0,0,0,0,0
883049,BARREN CO.,0,0,0,0,0,0
876304,CHRISTIAN CO.,0,0,10000,0,0,0
876308,TODD CO.,0,0,0,0,0,0
883151,HART CO.,0,0,0,0,0,0
883152,GREEN CO.,0,0,0,0,0,0
883255,EDMONSON CO.,0,0,0,0,0,0
883254,HARDIN CO.,0,0,3000,0,0,0
883259,CLINTON CO.,0,0,0,0,0,0
883260,BARREN CO.,0,0,0,0,0,0
883256,TAYLOR CO.,0,0,0,0,0,0
883257,TAYLOR CO.,0,0,0,0,0,0
883258,TAYLOR CO.,0,0,0,0,0,0
883284,GRAYSON CO.,0,0,0,0,0,0
880246,LAUREL CO.,0,0,200,0,0,0
880257,KNOX CO.,0,0,200,0,0,0
880249,CLAY CO.,0,0,100,0,0,0
880255,CLAY CO.,0,0,200,0,0,0
880252,CLAY CO.,0,0,100,0,0,0
880261,PULASKI CO.,0,0,100,0,0,0
895612,FAYETTE CO.,0,0,10000,0,0,0
895613,FAYETTE CO.,0,0,0,0,0,0
882012,PULASKI CO.,0,0,100,0,0,0
882014,PULASKI CO.,0,0,100,0,0,0
882098,FLEMING CO.,0,0,100,0,0,0
882097,FLEMING CO.,0,0,100,0,0,0
895614,HARRISON CO.,0,0,20000,0,0,0
882780,KENTON CO.,0,0,0,0,0,0
891280,CAMPBELL CO.,0,0,50000,0,0,0
895617,CLARK CO.,0,0,0,0,0,0
895622,CLARK CO.,0,0,0,0,0,0
897323,CLARK CO.,0,0,0,0,0,0
897330,HARRISON CO.,0,0,0,0,0,0
897334,BOURBON CO.,0,0,0,0,0,0
897337,BOURBON CO.,0,0,0,0,0,0
897338,HARRISON CO.,0,0,0,0,0,0
897340,HARRISON CO.,0,0,0,0,0,0
897341,BOURBON CO.,0,0,0,0,0,0
897343,BOURBON CO.,0,0,0,0,0,0
897347,NICHOLAS CO.,0,0,0,0,0,0
897354,BOURBON CO.,0,0,0,0,0,0
882817,KENTON CO.,0,0,0,0,0,0
882873,LESLIE CO.,0,0,40000,0,0,0
882815,CAMPBELL CO.,0,0,0,0,0,0
882812,BOONE CO.,0,0,0,0,0,0
882875,FLOYD CO.,0,0,3000,0,0,0
882872,KNOTT CO.,0,0,20000,0,0,0
882811,GRANT CO.,0,0,0,0,0,0
882883,PERRY CO.,0,0,4000,0,0,0
882877,KNOTT CO.,0,0,1000,0,0,0
882879,PERRY CO.,0,0,6000,0,0,0
882810,BRACKEN CO.,0,0,0,0,0,0
898062,HARRISON CO.,0,0,10000,0,0,0
882863,BELL CO.,0,0,10000,0,0,0
882865,ROWAN CO.,0,0,25000,200,0,0
882866,ROWAN CO.,0,0,3000,0,0,0
882867,ROWAN CO.,0,0,11000,0,0,0
883635,ROWAN CO.,0,0,0,1000,0,0
899007,DAVIESS CO.,0,0,30000,0,0,0
906614,TAYLOR CO.,0,0,0,0,0,0
906615,TAYLOR CO.,0,0,0,0,0,0
899012,HENDERSON CO.,0,0,100000,0,0,0
906553,OHIO CO.,0,0,0,0,0,0
899013,MCLEAN CO.,0,0,250000,0,0,0
899021,DAVIESS CO.,0,0,100000,0,0,0
906554,GRAYSON CO.,0,0,0,0,0,0
906555,GRAYSON CO.,0,0,30000,0,0,0
906556,OHIO CO.,0,0,50000,0,0,0
906557,GRAYSON CO.,0,0,15000,0,0,0
906558,GRAYSON CO.,0,0,0,0,0,0
906559,BUTLER CO.,0,0,0,0,0,0
906560,WARREN CO.,0,0,0,0,0,0
906561,OHIO CO.,0,0,10000,0,0,0
906562,SIMPSON CO.,0,0,0,0,0,0
906563,SIMPSON CO.,0,0,0,0,0,0
906564,WASHINGTON CO.,0,0,0,0,0,0
906565,BOYLE CO.,0,0,0,0,0,0
906566,WASHINGTON CO.,0,0,0,0,0,0
906567,BOYLE CO.,0,0,0,0,0,0
906568,WASHINGTON CO.,0,0,60000,0,0,0
906569,WASHINGTON CO.,0,0,0,0,0,0
906570,WASHINGTON CO.,0,0,0,0,0,0
914808,WASHINGTON CO.,1,1,30000,0,0,0
892422,PULASKI CO.,0,0,300,0,0,0
906571,CASEY CO.,0,0,0,0,0,0
906572,JEFFERSON CO.,0,0,0,0,0,0
892424,PULASKI CO.,0,0,200,0,0,0
906589,TAYLOR CO.,0,0,0,0,0,0
906573,MARION CO.,0,0,0,0,0,0
906590,JEFFERSON CO.,0,0,0,0,0,0
906591,WASHINGTON CO.,0,0,50000,0,0,0
906592,MARION CO.,0,0,0,0,0,0
906593,MARION CO.,0,0,50000,0,0,0
906594,JEFFERSON CO.,0,0,0,0,0,0
906595,MARION CO.,0,0,10000,0,0,0
892425,MCCREARY CO.,0,0,400,0,0,0
906596,NELSON CO.,0,0,0,0,0,0
906597,NELSON CO.,0,0,0,0,0,0
891207,BRACKEN CO.,0,0,20000,0,0,0
899101,MCCRACKEN CO.,0,0,0,0,0,0
892106,GREENUP CO.,0,0,2000,0,0,0
892433,FLOYD CO.,0,0,800,0,0,0
905101,CALLOWAY CO.,0,0,30000,0,0,0
908084,WARREN CO.,0,0,0,0,0,0
905229,TODD CO.,0,0,0,0,0,0
913357,GRAYSON CO.,0,0,0,0,0,0
905237,WEBSTER CO.,0,0,0,0,0,0
913358,JEFFERSON CO.,0,0,0,0,0,0
905361,CHRISTIAN CO.,0,0,0,0,0,0
905369,GRAVES CO.,0,0,0,0,0,0
913756,LARUE CO.,0,0,0,0,0,0
913757,LARUE CO.,0,0,0,0,0,0
913758,LARUE CO.,0,0,0,0,0,0
913761,HART CO.,0,0,0,0,0,0
905378,MARSHALL CO.,0,0,0,0,0,0
913759,LARUE CO.,0,0,0,0,0,0
905472,MCCRACKEN CO.,0,0,0,0,0,0
913763,ADAIR CO.,0,0,0,0,0,0
913765,ADAIR CO.,0,0,0,0,0,0
896306,HARLAN CO.,0,0,10000,0,0,0
905688,MCCRACKEN CO.,0,0,0,0,0,0
913635,JEFFERSON CO.,0,0,0,0,0,0
913639,JEFFERSON CO.,0,0,0,0,0,0
913641,JEFFERSON CO.,0,0,0,0,0,0
900786,FLOYD CO.,0,0,0,0,0,0
910215,MARSHALL CO.,0,0,0,0,0,0
918516,MONROE CO.,0,0,0,0,0,0
918680,HANCOCK CO.,0,0,0,0,0,0
918684,HANCOCK CO.,0,0,0,0,0,0
918698,HANCOCK CO.,0,0,0,0,0,0
918699,HANCOCK CO.,0,0,0,0,0,0
918701,JEFFERSON CO.,0,0,10000,0,0,0
918702,JEFFERSON CO.,0,0,0,0,0,0
918703,HARDIN CO.,0,0,0,0,0,0
918704,JEFFERSON CO.,0,0,0,0,0,0
902584,BREATHITT CO.,0,0,5000,0,0,0
909799,GREENUP CO.,0,0,10000,0,0,0
921002,TAYLOR CO.,0,0,0,0,0,0
921005,HANCOCK CO.,0,0,0,0,0,0
921004,HANCOCK CO.,0,0,0,0,0,0
913583,DAVIESS CO.,0,0,50000,0,0,0
921003,JEFFERSON CO.,0,0,0,0,0,0
921006,JEFFERSON CO.,0,0,0,0,0,0
921007,JEFFERSON CO.,0,0,0,0,0,0
921008,HENRY CO.,0,0,0,0,0,0
921009,JEFFERSON CO.,0,0,250000,0,0,0
912496,MORGAN CO.,0,0,100000,0,0,0
916090,MORGAN CO.,0,0,100000,0,0,0
912498,MORGAN CO.,0,0,150000,0,0,0
912501,MORGAN CO.,0,0,2000,0,0,0
912510,MENIFEE CO.,0,0,35000,0,0,0
912526,MENIFEE CO.,0,0,2000,0,0,0
912512,MORGAN CO.,0,0,2000,0,0,0
912514,POWELL CO.,0,0,25000,0,0,0
921300,CASEY CO.,0,0,0,0,0,0
921301,CASEY CO.,0,0,10000,0,0,0
921302,LINCOLN CO.,0,0,0,0,0,0
921303,CASEY CO.,0,0,0,0,0,0
912721,JACKSON CO.,0,0,10000,0,0,0
935967,MCCRACKEN CO.,0,0,0,0,0,0
938410,BUTLER CO.,0,0,0,0,0,0
938179,POWELL CO.,0,0,0,0,0,0
938184,MORGAN CO.,0,0,0,0,0,0
938190,MENIFEE CO.,0,0,30000,0,0,0
938201,MENIFEE CO.,0,0,0,0,0,0
938196,MENIFEE CO.,0,0,0,0,0,0
940993,FULTON CO.,0,0,75000,0,0,0
938211,LESLIE CO.,0,0,0,0,0,0
940964,CALLOWAY CO.,0,0,2900000,0,0,0
938209,LESLIE CO.,0,0,500,0,0,0
938217,KNOX CO.,0,0,0,0,0,0
940967,GRAVES CO.,0,0,25000,0,0,0
940968,CHRISTIAN CO.,0,0,200000,0,0,0
940971,TODD CO.,0,0,500000,0,0,0
938736,WARREN CO.,0,0,10000,0,0,0
945069,LOGAN CO.,0,0,0,0,0,0
945070,TAYLOR CO.,0,0,0,0,0,0
945084,HART CO.,0,0,0,0,0,0
945087,HART CO.,0,0,0,0,0,0
945090,WARREN CO.,0,0,0,0,0,0
945071,CASEY CO.,0,0,0,0,0,0
938230,MAGOFFIN CO.,0,0,0,0,0,0
938239,ROCKCASTLE CO.,0,0,0,0,0,0
945098,EDMONSON CO.,0,0,0,0,0,0
938244,BREATHITT CO.,0,0,50000,0,0,0
938245,PERRY CO.,0,0,15000,0,0,0
938246,WOLFE CO.,0,0,15000,0,0,0
945120,MONROE CO.,0,0,0,0,0,0
945100,TAYLOR CO.,0,0,0,0,0,0
938248,JACKSON CO.,0,0,15000,0,0,0
945123,WARREN CO.,0,0,0,0,0,0
945124,CUMBERLAND CO.,0,0,0,0,0,0
945118,LINCOLN CO.,0,0,0,0,0,0
938291,MAGOFFIN CO.,0,0,40000,0,0,0
945126,GREEN CO.,0,0,0,0,0,0
938293,FLOYD CO.,0,0,75000,0,0,0
938295,BREATHITT CO.,0,0,0,0,0,0
938498,ROCKCASTLE CO.,0,0,15000,0,0,0
938556,CLAY CO.,0,0,0,0,0,0
938564,LAUREL CO.,0,0,0,0,0,0
945129,CASEY CO.,0,0,0,0,0,0
938587,PULASKI CO.,0,0,0,0,0,0
938588,FLOYD CO.,0,0,0,0,0,0
938589,KNOTT CO.,0,0,0,0,0,0
938829,PERRY CO.,0,0,0,0,0,0
938832,PERRY CO.,0,0,0,0,0,0
938838,WOLFE CO.,0,0,0,0,0,0
938845,PIKE CO.,0,0,0,0,0,0
938847,FLOYD CO.,0,0,15000,0,0,0
938848,FLOYD CO.,0,0,0,0,0,0
938851,PIKE CO.,0,0,0,0,0,0
938304,FLOYD CO.,0,0,0,0,0,0
938305,FLOYD CO.,0,0,0,0,0,0
938306,FLOYD CO.,0,0,0,0,0,0
938308,FLOYD CO.,0,0,0,0,0,0
938309,MORGAN CO.,0,0,30000,0,0,0
950850,CLAY CO.,0,0,0,0,0,0
950864,BELL CO.,0,0,0,0,0,0
950857,BELL CO.,0,0,0,0,0,0
950854,BELL CO.,0,0,0,0,0,0
950858,HARLAN CO.,0,0,0,0,0,0
950859,HARLAN CO.,0,0,0,0,0,0
950860,HARLAN CO.,0,0,0,0,0,0
952848,CARTER CO.,0,0,5000,0,0,0
949762,HOPKINS CO.,0,0,10000,0,0,0
953992,MUHLENBERG CO.,0,0,75000,0,0,0
962806,CUMBERLAND CO.,0,0,0,0,0,0
962808,METCALFE CO.,0,0,0,0,0,0
962809,EDMONSON CO.,0,0,0,0,0,0
962834,WARREN CO.,0,0,0,0,0,0
963057,BARREN CO.,0,0,0,0,0,0
962843,BARREN CO.,0,0,0,0,0,0
963055,WARREN CO.,0,0,0,0,0,0
963056,METCALFE CO.,0,0,0,0,0,0
963054,WARREN CO.,0,0,0,0,0,0
963052,BUTLER CO.,0,0,0,0,0,0
963051,BARREN CO.,0,0,0,0,0,0
963049,WARREN CO.,0,0,0,0,0,0
963048,WARREN CO.,0,0,0,0,0,0
963047,CUMBERLAND CO.,0,0,0,0,0,0
963043,MONROE CO.,0,0,0,0,0,0
963046,METCALFE CO.,0,0,0,0,0,0
963045,METCALFE CO.,0,0,0,0,0,0
963044,MONROE CO.,0,0,0,0,0,0
953993,CHRISTIAN CO.,0,0,20000,0,0,0
953994,TODD CO.,0,0,0,0,0,0
961284,CALLOWAY CO.,0,0,100000,0,0,0
958809,CARTER CO.,0,0,30000,0,0,0
957848,CLAY CO.,0,0,0,0,0,0
958972,CARTER CO.,0,0,15000,0,0,0
970178,OLDHAM CO.,0,0,0,0,0,0
956434,LEE CO.,0,0,0,0,0,0
957850,LEE CO.,0,0,0,0,0,0
956433,LEE CO.,0,0,0,0,0,0
956430,LEE CO.,0,0,0,0,0,0
956422,WOLFE CO.,0,0,0,0,0,0
956418,OWSLEY CO.,0,0,0,0,0,0
957856,OWSLEY CO.,0,0,0,0,0,0
956417,WHITLEY CO.,0,0,15000,0,0,0
956419,WHITLEY CO.,0,0,20000,0,0,0
956413,LAUREL CO.,0,0,0,0,0,0
956415,LAUREL CO.,0,0,0,0,0,0
956416,LAUREL CO.,0,0,0,0,0,0
956414,LAUREL CO.,0,0,0,0,0,0
956412,LAUREL CO.,0,0,0,0,0,0
956375,WHITLEY CO.,0,0,0,0,0,0
956376,WHITLEY CO.,0,0,0,0,0,0
956378,WHITLEY CO.,0,0,25000,0,0,0
970182,SCOTT CO.,0,0,0,0,0,0
953972,OWEN CO.,0,0,30000,0,0,0
968773,SCOTT CO.,0,0,0,0,0,0
962982,GREENUP CO.,0,0,10000,0,0,0
953973,LEWIS CO.,0,0,0,0,0,0
969805,TRIMBLE CO.,0,0,0,0,0,0
961289,CALDWELL CO.,0,0,0,0,0,0
970376,FAYETTE CO.,0,0,0,0,0,0
970381,CLARK CO.,0,0,0,0,0,0
970382,MERCER CO.,0,0,0,0,0,0
970383,FAYETTE CO.,0,0,0,0,0,0
970384,BOYLE CO.,0,0,0,0,0,0
975603,BULLITT CO.,0,0,0,0,0,0
975611,MADISON CO.,0,0,0,0,0,0
975605,MADISON CO.,0,0,0,0,0,0
975604,MADISON CO.,0,0,0,0,0,0
975613,JEFFERSON CO.,0,0,0,0,0,0
975614,JEFFERSON CO.,0,0,0,0,0,0
975617,JEFFERSON CO.,0,0,0,0,0,0
975631,GARRARD CO.,0,0,0,0,0,0
975618,BOYLE CO.,0,0,0,0,0,0
964715,PIKE CO.,0,0,1000,0,0,0
964716,PIKE CO.,0,0,1000,0,0,0
964706,FLOYD CO.,0,0,1000,0,0,0
964709,ESTILL CO.,0,0,1000,0,0,0
964710,ESTILL CO.,0,0,1000,0,0,0
964711,ESTILL CO.,0,0,1000,0,0,0
964712,ESTILL CO.,0,0,1000,0,0,0
964713,ESTILL CO.,0,0,1000,0,0,0
964714,ESTILL CO.,0,0,1000,0,0,0
965492,LIVINGSTON CO.,0,0,50000,0,0,0
968466,CALDWELL CO.,0,0,30000,0,0,0
965491,CRITTENDEN CO.,0,0,100000,0,0,0
964721,LEE CO.,0,0,1000,0,0,0
975708,MARION CO.,0,0,0,0,0,0
964812,LAUREL CO.,0,0,1000,0,0,0
964808,WHITLEY CO.,0,0,1000,0,0,0
964809,WHITLEY CO.,0,0,1000,0,0,0
968027,MCCRACKEN CO.,0,0,25000,0,0,0
968022,GRAVES CO.,0,0,0,0,0,0
965408,LEWIS CO.,0,0,0,0,0,0
973863,LEWIS CO.,0,0,100000,0,0,0
976057,MORGAN CO.,0,0,0,0,0,0
975715,NICHOLAS CO.,0,0,1000000,0,0,0
975739,NICHOLAS CO.,1,0,1000000,0,0,0
976230,ROWAN CO.,0,0,0,0,0,0
976149,WOLFE CO.,0,0,0,0,0,0
976151,MENIFEE CO.,0,0,0,0,0,0
976150,MENIFEE CO.,0,0,0,0,0,0
976157,BREATHITT CO.,0,0,0,0,0,0
976184,MENIFEE CO.,0,0,2000000,0,0,0
976170,MENIFEE CO.,0,0,0,0,0,0
976179,MENIFEE CO.,0,0,10000,0,0,0
976185,MENIFEE CO.,0,0,0,0,0,0
976191,BATH CO.,0,0,0,0,0,0
976186,BATH CO.,0,0,0,0,0,0
976188,BATH CO.,0,0,0,0,0,0
976192,POWELL CO.,0,0,15000,0,0,0
975716,CLARK CO.,0,0,5000,0,0,0
976218,POWELL CO.,0,0,0,0,0,0
976215,POWELL CO.,0,0,0,0,0,0
976219,JACKSON CO.,0,0,5000,0,0,0
975741,MADISON CO.,0,0,0,0,0,0
976222,MENIFEE CO.,0,0,0,0,0,0
981054,LARUE CO.,0,0,0,0,0,0
981055,LARUE CO.,0,0,0,0,0,0
981056,LARUE CO.,0,0,0,0,0,0
966130,FLEMING CO.,0,0,0,0,0,0
966126,LAUREL CO.,0,0,0,0,0,0
966125,LAUREL CO.,0,0,0,0,0,0
981057,NICHOLAS CO.,0,0,0,0,0,0
981058,NICHOLAS CO.,0,0,0,0,0,0
981059,NICHOLAS CO.,0,0,0,0,0,0
981060,SIMPSON CO.,0,0,0,0,0,0
981061,FRANKLIN CO.,0,0,0,0,0,0
981706,WOLFE CO.,0,0,250000,0,0,0
981705,WOLFE CO.,0,0,100000,0,0,0
981707,WOLFE CO.,0,0,0,0,0,0
981709,WOLFE CO.,0,0,50000,0,0,0
971615,MCCRACKEN CO.,0,0,0,0,0,0
975043,MARSHALL CO.,0,0,0,0,0,0
971616,CALLOWAY CO.,0,0,75000,0,0,0
981062,JEFFERSON CO.,0,0,0,0,0,0
969985,KENTON CO.,0,0,0,0,0,0
981696,PIKE CO.,0,0,10000,0,0,0
981698,PIKE CO.,0,0,0,0,0,0
981702,PIKE CO.,0,0,20000,0,0,0
981703,PIKE CO.,0,0,20000,0,0,0
981704,PIKE CO.,0,0,10000,0,0,0
981069,SHELBY CO.,0,0,0,0,0,0
971612,DAVIESS CO.,0,0,10000,0,0,0
971614,MCLEAN CO.,0,0,0,0,0,0
987347,BATH CO.,0,0,25000,0,0,0
987351,BATH CO.,0,0,3000,0,0,0
987346,BATH CO.,0,0,0,0,0,0
985760,NELSON CO.,0,0,0,0,0,0
985761,NELSON CO.,0,0,0,0,0,0
985762,NELSON CO.,0,0,0,0,0,0
987352,BATH CO.,0,0,0,0,0,0
985763,SIMPSON CO.,0,0,0,0,0,0
989268,CLARK CO.,0,0,0,0,0,0
989269,CLARK CO.,0,0,0,0,0,0
989270,CLARK CO.,0,0,0,0,0,0
989271,CLARK CO.,0,0,0,0,0,0
980786,GREENUP CO.,0,0,10000,0,0,0
996845,FRANKLIN CO.,1,0,0,0,0,0
996846,BRECKINRIDGE CO.,0,0,0,0,0,0
996849,SCOTT CO.,0,0,0,0,0,0
1004921,GREEN CO.,0,0,0,0,0,0
1004925,BARREN CO.,0,0,0,0,0,0
1004927,BARREN CO.,0,0,0,0,0,0
1004928,GREEN CO.,0,0,0,0,0,0
1004923,TAYLOR CO.,0,0,0,0,0,0
1004930,ADAIR CO.,0,0,0,0,0,0
1004929,ADAIR CO.,0,0,0,0,0,0
1004346,FLOYD CO.,0,0,0,0,0,0
1005229,PIKE CO.,0,0,200000,0,0,0
1004352,BREATHITT CO.,0,0,0,0,0,0
1005246,ROCKCASTLE CO.,0,0,500000,0,0,0
1004586,BREATHITT CO.,0,0,60000,0,0,0
1005248,PIKE CO.,0,0,0,0,0,0
1004587,BREATHITT CO.,0,0,10000,0,0,0
1004588,BREATHITT CO.,0,0,20000,0,0,0
1004595,PIKE CO.,0,0,0,0,0,0
1004603,PIKE CO.,0,0,20000,0,0,0
1004604,PIKE CO.,0,0,50000,0,0,0
1004606,PIKE CO.,0,0,0,0,0,0
1004610,PIKE CO.,0,0,50000,0,0,0
1005584,PIKE CO.,0,0,10000,0,0,0
1005219,PIKE CO.,0,0,50000,0,0,0
1004932,CASEY CO.,0,0,0,0,0,0
1004933,CASEY CO.,0,0,0,0,0,0
994156,BOYD CO.,0,0,1000,0,0,0
994157,BOYD CO.,0,0,500,0,0,0
994160,LAWRENCE CO.,0,0,500,0,0,0
999544,TODD CO.,0,0,0,0,0,0
1002490,MARSHALL CO.,0,0,0,0,0,0
1002498,MCCRACKEN CO.,0,0,0,0,0,0
1006624,CRITTENDEN CO.,0,0,50000,0,0,0
1002488,GRAVES CO.,0,0,35000,0,0,0
1002500,HICKMAN CO.,0,0,0,0,0,0
1016220,LARUE CO.,0,0,0,0,0,0
1013335,MCCRACKEN CO.,0,0,0,0,0,0
1013337,MARSHALL CO.,0,0,0,0,0,0
1013339,MCCRACKEN CO.,0,0,0,0,0,0
1017707,FLOYD CO.,0,0,0,0,0,0
1017678,MARTIN CO.,0,0,0,0,0,0
1031014,HARRISON CO.,0,0,0,0,0,0
1014503,ROBERTSON CO.,0,0,0,0,0,0
1017717,BREATHITT CO.,0,0,0,0,0,0
1017718,BREATHITT CO.,0,0,0,0,0,0
1014504,MASON CO.,0,0,0,0,0,0
1017721,BREATHITT CO.,0,0,0,0,0,0
1017675,PULASKI CO.,0,0,8000,0,0,0
1017712,ESTILL CO.,0,0,0,0,0,0
1068889,ROWAN CO.,1,0,0,0,0,0
1028673,FRANKLIN CO.,0,0,0,0,0,0
1028059,BELL CO.,0,0,0,0,0,0
1028030,BELL CO.,0,0,0,0,0,0
1032597,CARTER CO.,0,0,3000,0,0,0
1039008,HOPKINS CO.,0,0,0,0,0,0
1048041,CLAY CO.,0,0,15000,0,0,0
1048025,MONTGOMERY CO.,0,0,0,0,0,0
1048029,CLAY CO.,0,0,0,0,0,0
1039032,MUHLENBERG CO.,0,0,20000,0,0,0
1043775,RUSSELL CO.,0,0,0,0,0,0
1039036,HOPKINS CO.,0,0,4000,0,0,0
1029508,BELL CO.,0,0,0,0,0,0
1029509,BELL CO.,0,0,0,0,0,0
1040116,PIKE CO.,0,0,0,0,0,0
1046294,BARREN CO.,0,0,0,0,0,0
1046295,CUMBERLAND CO.,0,0,0,0,0,0
1046296,CUMBERLAND CO.,0,0,0,0,0,0
1041990,FLOYD CO.,0,0,0,0,0,0
1041991,PIKE CO.,0,0,0,0,0,0
1041992,PIKE CO.,0,0,0,0,0,0
1041993,MAGOFFIN CO.,0,0,0,0,0,0
1041994,FLOYD CO.,0,0,0,0,0,0
1041997,PIKE CO.,0,0,0,0,0,0
1041995,FLOYD CO.,0,0,0,0,0,0
1041999,MAGOFFIN CO.,0,0,0,0,0,0
1042000,FLOYD CO.,0,0,0,0,0,0
1042001,FLOYD CO.,0,0,0,0,0,0
1048103,PIKE CO.,0,0,0,0,0,0
1048101,PIKE CO.,0,0,0,0,0,0
1049203,WOLFE CO.,0,0,0,0,0,0
1048131,BREATHITT CO.,0,0,0,0,0,0
1048109,LEE CO.,0,0,0,0,0,0
1049118,FLOYD CO.,0,0,0,0,0,0
1049081,BREATHITT CO.,0,0,0,0,0,0
1049134,OWSLEY CO.,0,0,0,0,0,0
1048110,ESTILL CO.,0,0,0,0,0,0
1049130,BREATHITT CO.,10,0,0,0,0,1
1049192,KNOTT CO.,16,0,0,0,0,0
1049145,PERRY CO.,1,0,0,0,0,0
1049184,PERRY CO.,0,0,0,0,0,0
1048111,OWSLEY CO.,0,0,0,0,0,0
1049108,MAGOFFIN CO.,0,0,0,0,0,0
1049197,LETCHER CO.,3,0,0,0,0,0
1049202,PIKE CO.,0,0,0,0,0,0
1049115,FLOYD CO.,0,0,35000,0,0,0
1046304,LINCOLN CO.,0,0,0,0,0,0
1049154,PERRY CO.,6,0,0,0,0,0
1049189,CLAY CO.,3,0,0,0,0,0
1049413,MARTIN CO.,0,0,0,0,0,0
1049385,BELL CO.,0,0,0,0,0,0
1049408,HARLAN CO.,0,0,0,0,0,0
1049400,BELL CO.,0,0,0,0,0,0
1039741,BOYD CO.,0,0,500,0,0,0
1039743,BOYD CO.,0,0,200,0,0,0
1041047,PIKE CO.,0,0,0,0,0,0
1041046,PIKE CO.,0,0,0,0,0,0
1041041,WHITLEY CO.,0,0,0,0,0,0
1041043,WHITLEY CO.,0,0,0,0,0,0
1041042,WHITLEY CO.,0,0,0,0,0,0
1041044,WHITLEY CO.,0,0,10000,0,0,0
1041045,WHITLEY CO.,0,0,20000,0,0,0
1041048,PIKE CO.,0,0,0,0,0,0
1041049,BELL CO.,0,0,0,0,0,0
1040712,LETCHER CO.,0,0,15000,0,0,0
1040718,KNOTT CO.,0,0,0,0,0,0
1040733,KNOTT CO.,0,0,0,0,0,0
1040708,KNOTT CO.,0,0,2000,2000,0,0
1040734,FLOYD CO.,0,0,0,0,0,0
1040736,FLOYD CO.,0,0,25000,0,0,0
1040740,PIKE CO.,0,0,200000,0,0,0
1049299,MUHLENBERG CO.,0,0,150000,0,0,0
1049301,HOPKINS CO.,0,0,0,0,0,0
1053145,POWELL CO.,0,0,0,0,0,0
1053149,ESTILL CO.,0,0,0,0,0,0
1053147,JACKSON CO.,0,0,0,0,0,0
1053150,ESTILL CO.,0,0,0,0,0,0
1053148,JACKSON CO.,0,0,0,0,0,0
1053143,ROCKCASTLE CO.,0,0,0,0,0,0
1053144,ROCKCASTLE CO.,0,0,0,0,0,0
1053146,LAUREL CO.,0,0,0,0,0,0
1046446,RUSSELL CO.,0,0,0,0,0,0
1046445,WOODFORD CO.,0,0,0,0,0,0
1046447,ANDERSON CO.,0,0,0,0,0,0
1046452,FRANKLIN CO.,0,0,0,0,0,0
1046055,ROCKCASTLE CO.,0,0,2000,0,0,0
1046054,ROCKCASTLE CO.,0,0,0,0,0,0
1046059,ROCKCASTLE CO.,0,0,0,0,0,0
1046061,ROCKCASTLE CO.,0,0,0,0,0,0
1046063,PULASKI CO.,0,0,0,0,0,0
1046471,BOYD CO.,0,0,8000,0,0,0
1046056,ROCKCASTLE CO.,0,0,0,0,0,0
1046473,LAWRENCE CO.,0,0,250,0,0,0
1046058,ROCKCASTLE CO.,0,0,0,0,0,0
1046453,CASEY CO.,0,0,0,0,0,0
1046066,PIKE CO.,0,0,7000,0,0,0
1046067,PIKE CO.,0,0,7000,0,0,0
1046069,PULASKI CO.,0,0,0,0,0,0
1046068,PIKE CO.,0,0,0,0,0,0
1053227,BELL CO.,0,0,0,0,0,0
1053224,BELL CO.,0,0,0,0,0,0
1053183,BELL CO.,0,0,0,0,0,0
1049729,HOPKINS CO.,0,0,5000,0,0,0
1051575,GALLATIN CO.,0,0,100000,0,0,0
1051579,GALLATIN CO.,0,0,8000,0,0,0
1051720,HENDERSON CO.,0,0,0,0,0,0
1058146,SIMPSON CO.,0,0,0,0,0,0
1051686,CARROLL CO.,0,0,20000,0,0,0
1051687,CARROLL CO.,0,0,0,0,0,0
1058147,TRIMBLE CO.,0,0,0,0,0,0
1051721,DAVIESS CO.,0,0,0,0,0,0
1058148,SHELBY CO.,0,0,0,0,0,0
1058149,FRANKLIN CO.,0,0,0,0,0,0
1058152,TAYLOR CO.,0,0,0,0,0,0
1058153,TAYLOR CO.,0,0,0,0,0,0
1058154,BARREN CO.,0,0,0,0,0,0
1071167,GRAYSON CO.,0,0,0,0,0,0
1071168,GRAYSON CO.,0,0,0,0,0,0
1071169,GRAYSON CO.,0,0,0,0,0,0
1071170,GRAYSON CO.,0,0,0,0,0,0
1070805,CALLOWAY CO.,0,0,30000,0,0,0
1070812,TRIGG CO.,0,0,0,0,0,0
1070818,CHRISTIAN CO.,0,0,0,0,0,0
1071178,OHIO CO.,0,0,0,0,0,0
1071179,OHIO CO.,0,0,0,0,0,0
1070820,MUHLENBERG CO.,0,0,50000,0,0,0
1071171,NELSON CO.,0,0,0,0,0,0
1071173,NELSON CO.,0,0,0,0,0,0
1071175,HARDIN CO.,0,0,0,0,0,0
1071174,HARDIN CO.,0,0,0,0,0,0
1071184,BRECKINRIDGE CO.,0,0,0,0,0,0
1071182,BRECKINRIDGE CO.,0,0,0,0,0,0
1071176,HARDIN CO.,0,0,0,0,0,0
1071264,WARREN CO.,0,0,0,0,0,0
1071266,BUTLER CO.,0,0,0,0,0,0
1071267,MEADE CO.,0,0,0,0,0,0
1071269,MEADE CO.,0,0,0,0,0,0
1071309,BULLITT CO.,0,0,0,0,0,0
1071274,BULLITT CO.,0,0,0,0,0,0
1071271,BULLITT CO.,0,0,0,0,0,0
1071270,BULLITT CO.,0,0,0,0,0,0
1071289,JEFFERSON CO.,0,0,0,0,0,0
1071290,JEFFERSON CO.,0,0,0,0,0,0
1071302,HARRISON CO.,0,0,0,0,0,0
1071303,FAYETTE CO.,0,0,0,0,0,0
1071305,BOURBON CO.,0,0,0,0,0,0
1071307,SPENCER CO.,0,0,0,0,0,0
1063421,ROBERTSON CO.,0,0,0,0,0,0
1063965,PENDLETON CO.,0,0,0,0,0,0
1063423,OWEN CO.,0,0,0,0,0,0
1063966,PENDLETON CO.,0,0,0,0,0,0
1071308,JEFFERSON CO.,0,0,0,0,0,0
1063967,GRANT CO.,0,0,0,0,0,0
1064550,GRANT CO.,0,0,0,0,0,0
1063970,PENDLETON CO.,0,0,0,0,0,0
1063969,GRANT CO.,0,0,0,0,0,0
1063427,OWEN CO.,0,0,40000,0,0,0
1063434,BRACKEN CO.,0,0,0,0,0,0
1078729,MCCRACKEN CO.,0,0,0,0,0,0
1075680,DAVIESS CO.,0,0,15000,0,0,0
1082501,BRECKINRIDGE CO.,0,0,0,0,0,0
1082502,BRECKINRIDGE CO.,0,0,0,0,0,0
1082504,BULLITT CO.,0,0,0,0,0,0
1075681,CALDWELL CO.,0,0,0,0,0,0
1075682,WEBSTER CO.,0,0,0,0,0,0
1082505,BULLITT CO.,0,0,0,0,0,0
1082513,TAYLOR CO.,0,0,0,0,0,0
1075684,CHRISTIAN CO.,0,0,0,0,0,0
1082515,BULLITT CO.,0,0,0,0,0,0
1082516,BULLITT CO.,0,0,0,0,0,0
1082517,BULLITT CO.,0,0,0,0,0,0
1082518,HART CO.,0,0,0,0,0,0
1082519,LARUE CO.,0,0,0,0,0,0
1083323,MAGOFFIN CO.,0,0,35000,0,0,0
1082940,CARLISLE CO.,0,0,0,0,0,0
1082949,HENDERSON CO.,0,0,0,0,0,0
1082941,MCCRACKEN CO.,0,0,0,0,0,0
1082942,FULTON CO.,0,0,20000,0,0,0
1082944,BALLARD CO.,0,0,0,0,0,0
1082934,MARSHALL CO.,0,0,0,0,0,0
1082945,HICKMAN CO.,0,0,0,0,0,0
1082947,LYON CO.,0,0,0,0,0,0
1085394,UNION CO.,0,0,0,0,0,0
1082943,MARSHALL CO.,0,0,0,0,0,0
1085393,WEBSTER CO.,0,0,0,0,0,0
1084604,GRAVES CO.,0,0,0,0,0,0
1085398,MARSHALL CO.,0,0,0,0,0,0
1084605,CALLOWAY CO.,0,0,20000,0,0,0
1084606,HOPKINS CO.,0,0,0,0,0,0
1093986,LAUREL CO.,0,0,0,0,0,0
1093987,LAUREL CO.,0,0,0,0,0,0
1102490,CALLOWAY CO.,0,0,30000,0,0,0
1119261,JEFFERSON CO.,0,0,0,0,0,0
1115236,HARDIN CO.,0,0,0,0,0,0
1119188,HANCOCK CO.,0,0,0,0,0,0
1102484,DAVIESS CO.,0,0,40000,0,0,0
1119190,SIMPSON CO.,0,0,0,0,0,0
1124113,WHITLEY CO.,0,0,0,0,0,0
1128824,JEFFERSON CO.,0,0,0,0,0,0
1128825,JEFFERSON CO.,0,0,0,0,0,0
1128827,SHELBY CO.,0,0,0,0,0,0
1128831,MARION CO.,0,0,0,0,0,0
1116248,CAMPBELL CO.,0,0,20000,0,0,0
1116250,KENTON CO.,0,0,30000,0,0,0
1102154,GRAVES CO.,0,0,2000000,1000000,0,0
1102165,CALLOWAY CO.,0,0,500000,0,0,0
1102183,FULTON CO.,0,0,100000,0,0,0
1102181,CARLISLE CO.,0,0,500000,0,0,0
1102170,HICKMAN CO.,0,0,250000,0,0,0
1102172,MCCRACKEN CO.,0,0,150000,0,0,0
1102178,BALLARD CO.,0,0,700000,0,0,0
1102185,MARSHALL CO.,0,0,50000,0,0,0
1108789,BALLARD CO.,0,0,0,0,0,0
1108793,CALDWELL CO.,0,0,0,0,0,0
1117240,BOONE CO.,0,0,0,0,0,0
1128926,HARRISON CO.,0,0,0,0,0,0
1128927,HARRISON CO.,0,0,0,0,0,0
1128929,NICHOLAS CO.,1,0,0,0,0,0
1128930,MARION CO.,0,0,0,0,0,0
1128931,MARION CO.,0,0,0,0,0,0
1128932,MARION CO.,0,0,0,0,0,0
1121608,FULTON CO.,0,0,0,0,0,0
1122681,FULTON CO.,0,0,2000000,0,0,0
1122686,HICKMAN CO.,0,0,0,0,0,0
1128432,HICKMAN CO.,0,0,0,0,0,0
1122731,GRAVES CO.,0,0,0,0,0,0
1122732,CALLOWAY CO.,0,0,0,0,0,0
1126961,HENDERSON CO.,0,0,0,0,0,0
1126965,CALDWELL CO.,0,0,0,0,0,0
1126968,CHRISTIAN CO.,1,0,10000,0,0,0
1126970,TODD CO.,0,0,0,0,0,0
1133994,CHRISTIAN CO.,0,0,40000,0,0,0
1139018,BELL CO.,0,0,0,0,0,0
1139020,BELL CO.,0,0,0,0,0,0
1139022,BELL CO.,0,0,0,0,0,0
1133996,CHRISTIAN CO.,0,0,0,0,0,0
1137218,TODD CO.,0,0,10000,0,0,0
1156474,CARTER CO.,0,0,0,0,0,0
1156475,CARTER CO.,0,0,0,0,0,0
1165562,HENDERSON CO.,0,0,0,0,0,0
1176922,OLDHAM CO.,0,0,0,0,0,0
1189061,LARUE CO.,0,0,0,0,0,0
1176904,CARTER CO.,0,0,0,0,0,0
1176905,CARTER CO.,0,0,0,0,0,0
1176906,GREENUP CO.,0,0,0,0,0,0
1176907,BOYD CO.,0,0,0,0,0,0
1176908,LAWRENCE CO.,0,0,5000,0,0,0
1184016,TODD CO.,0,0,0,0,0,0
1183969,HENDERSON CO.,0,0,0,0,0,0
1184049,TRIGG CO.,0,0,50000,0,0,0
1183973,UNION CO.,0,0,0,0,0,0
1184087,CHRISTIAN CO.,0,0,75000,0,0,0
1188682,LOGAN CO.,0,0,0,0,0,0
1188683,LOGAN CO.,0,0,0,0,0,0
1188684,LOGAN CO.,0,0,0,0,0,0
1188685,LOGAN CO.,0,0,0,0,0,0
1188687,ALLEN CO.,1,0,0,0,0,0
1188688,ALLEN CO.,0,0,0,0,0,0
1188689,SIMPSON CO.,0,0,0,0,0,0
1182122,CALLOWAY CO.,0,0,0,0,0,0
1188730,CUMBERLAND CO.,0,0,0,0,0,0
1181224,WAYNE CO.,0,0,0,0,0,0
1184229,HOPKINS CO.,0,0,0,0,0,0
1184095,DAVIESS CO.,0,0,0,0,0,0
1181255,LAUREL CO.,0,0,20000,0,0,0
1186151,CALLOWAY CO.,0,0,10000,0,0,0
1186158,CALLOWAY CO.,0,0,0,0,0,0
1188049,TRIGG CO.,0,0,0,0,0,0
1188056,TODD CO.,0,0,0,0,0,0
1188099,UNION CO.,0,0,0,0,0,0
1188073,HENDERSON CO.,0,0,0,0,0,0
1188060,CARLISLE CO.,0,0,0,0,0,0
1188101,DAVIESS CO.,0,0,0,0,0,0
1193664,BALLARD CO.,0,0,0,0,0,0
1191082,LOGAN CO.,0,0,0,0,0,0
1191083,NELSON CO.,0,0,0,0,0,0
1191086,JEFFERSON CO.,0,0,0,0,0,0
1181815,BOYD CO.,0,0,0,0,0,0
1206804,JEFFERSON CO.,0,0,0,0,0,0
1203284,MCLEAN CO.,0,0,0,0,0,0
1203281,WEBSTER CO.,0,0,0,0,0,0
1203286,MUHLENBERG CO.,0,0,0,0,0,0
1203283,MUHLENBERG CO.,0,0,0,0,0,0
1203282,HOPKINS CO.,0,0,0,0,0,0
1203285,MUHLENBERG CO.,0,0,0,0,0,0
1203243,CALLOWAY CO.,0,0,5000,0,0,0
1206852,BARREN CO.,0,0,0,0,0,0
1206853,BARREN CO.,0,0,0,0,0,0
1206855,BRECKINRIDGE CO.,0,0,0,0,0,0
1206923,HART CO.,0,0,0,0,0,0
1204720,BELL CO.,0,0,0,0,0,0
1204729,BELL CO.,0,0,0,0,0,0
1204734,BELL CO.,0,0,0,0,0,0
1206943,ADAIR CO.,0,0,0,0,0,0
1206946,ADAIR CO.,0,0,0,0,0,0
1206947,ADAIR CO.,0,0,0,0,0,0
1211191,BELL CO.,0,0,15000,0,0,0
1211193,ROCKCASTLE CO.,0,0,0,0,0,0
1211192,ROCKCASTLE CO.,0,0,2000,0,0,0
1200418,CAMPBELL CO.,0,0,0,0,0,0
1200419,CAMPBELL CO.,0,0,0,0,0,0
1200420,CAMPBELL CO.,0,0,0,0,0,0
1218307,WHITLEY CO.,0,0,400,0,0,0
1217187,GREENUP CO.,0,0,5000,0,0,0
1217186,CARTER CO.,0,0,250,0,0,0
1217190,GREENUP CO.,0,0,5000,0,0,0
1229909,GRAVES CO.,0,0,5000,0,0,0
1229921,HICKMAN CO.,0,0,0,0,0,0
1229929,HICKMAN CO.,0,0,0,0,0,0
1229931,CALLOWAY CO.,0,0,20000,0,0,0
1229930,GRAVES CO.,0,0,0,0,0,0
1235029,TODD CO.,0,0,0,0,0,0
1236385,SIMPSON CO.,0,0,10000,0,0,0
1236251,GRAVES CO.,0,0,0,0,0,0
1236546,HICKMAN CO.,0,0,0,0,0,0
1236232,CALLOWAY CO.,0,0,0,0,0,0
1236559,FULTON CO.,0,0,0,0,0,0
1237989,ALLEN CO.,0,0,0,0,0,0
1238011,CUMBERLAND CO.,0,0,0,0,0,0
1236137,CALLOWAY CO.,0,0,0,0,0,0
1236386,LOGAN CO.,0,0,0,0,0,0
1237990,SIMPSON CO.,0,0,0,0,0,0
1237992,MONROE CO.,0,0,0,0,0,0
1236235,CALLOWAY CO.,0,0,0,0,0,0
1235578,CHRISTIAN CO.,0,0,0,0,0,0
1236548,HICKMAN CO.,0,0,0,0,0,0
1236650,MCCRACKEN CO.,0,0,0,0,0,0
1237991,ADAIR CO.,0,0,0,0,0,0
1236387,WARREN CO.,0,0,10000,0,0,0
1236388,WARREN CO.,0,0,10000,0,0,0
1238024,CASEY CO.,0,0,0,0,0,0
1235577,CHRISTIAN CO.,0,0,20000,0,0,0
1236139,CALLOWAY CO.,0,0,0,0,0,0
1237372,WEBSTER CO.,0,0,0,0,0,0
1236566,FULTON CO.,0,0,0,0,0,0
1236598,CARLISLE CO.,0,0,0,0,0,0
1236867,BALLARD CO.,0,0,50000,0,0,0
1237869,DAVIESS CO.,0,0,0,0,0,0
1236389,OHIO CO.,0,0,10000,0,0,0
1236390,OHIO CO.,0,0,10000,0,0,0
1236135,TRIGG CO.,0,0,0,0,0,0
1236658,MCCRACKEN CO.,0,0,0,0,0,0
1237358,MUHLENBERG CO.,0,0,0,0,0,0
1238006,SIMPSON CO.,0,0,0,0,0,0
1236252,GRAVES CO.,0,0,0,0,0,0
1236612,CARLISLE CO.,0,0,0,0,0,0
1237337,CALDWELL CO.,0,0,0,0,0,0
1236584,CARLISLE CO.,0,0,0,0,0,0
1236541,GRAVES CO.,0,0,0,0,0,0
1237355,HOPKINS CO.,0,0,0,0,0,0
1237377,WEBSTER CO.,0,0,0,0,0,0
1237374,WEBSTER CO.,0,0,0,0,0,0
1237388,WEBSTER CO.,0,0,0,0,0,0
1230212,MARSHALL CO.,0,0,25000,0,0,0
1236868,LYON CO.,0,0,0,0,0,0
1236693,CRITTENDEN CO.,0,0,0,0,0,0
1236694,CRITTENDEN CO.,0,0,0,0,0,0
1230214,MARSHALL CO.,0,0,100000,0,0,0
1237360,MCLEAN CO.,0,0,0,0,0,0
1237356,HOPKINS CO.,0,0,0,0,0,0
1287244,HARDIN CO.,1,0,20000,0,0,0
1236544,HICKMAN CO.,0,0,0,0,0,0
1238004,OHIO CO.,0,0,0,0,0,0
1236440,HART CO.,2,0,10000,0,0,0
1236537,CALLOWAY CO.,0,0,30000,0,0,0
1287236,SCOTT CO.,1,0,20000,0,0,0
1238003,WARREN CO.,0,0,0,0,0,0
1236398,ADAIR CO.,0,0,10000,0,0,0
1236394,OLDHAM CO.,0,0,0,0,0,0
1236136,TRIGG CO.,0,0,0,0,0,0
1238002,OLDHAM CO.,0,0,0,0,0,0
1238001,SCOTT CO.,0,0,0,0,0,0
1238000,HARDIN CO.,0,0,0,0,0,0
1229943,MASON CO.,0,0,0,0,0,0
1231561,MASON CO.,0,0,0,0,0,0
1229942,MASON CO.,0,0,0,0,0,0
1229941,LEWIS CO.,0,0,0,0,0,0
1238021,ANDERSON CO.,0,0,0,0,0,0
1236451,SPENCER CO.,0,0,0,0,0,0
1238014,SPENCER CO.,0,0,0,0,0,0
1237995,HARDIN CO.,0,0,0,0,0,0
1229940,CAMPBELL CO.,0,0,0,0,0,0
1229939,OWEN CO.,0,0,0,0,0,0
1245600,CLINTON CO.,0,0,0,0,0,0
1245601,CLINTON CO.,0,0,0,0,0,0
1258926,ADAIR CO.,0,0,0,0,0,0
1258927,METCALFE CO.,0,0,0,0,0,0
1259147,SIMPSON CO.,0,0,0,0,0,0
1258928,BARREN CO.,0,0,0,0,0,0
1258929,CASEY CO.,0,0,0,0,0,0
1258931,METCALFE CO.,0,0,0,0,0,0
1258932,GREEN CO.,0,0,0,0,0,0
1258930,ANDERSON CO.,0,0,0,0,0,0
1274739,MORGAN CO.,0,0,0,0,0,0
1258933,GRAYSON CO.,0,0,0,0,0,0
1258934,JEFFERSON CO.,0,0,0,0,0,0
1258935,JEFFERSON CO.,0,0,0,0,0,0
1258936,MEADE CO.,0,0,0,0,0,0
1258941,BUTLER CO.,0,0,0,0,0,0
1258942,BUTLER CO.,0,0,0,0,0,0
1258943,GRAYSON CO.,0,0,0,0,0,0
1258937,NELSON CO.,0,0,0,0,0,0
1258939,JEFFERSON CO.,0,0,0,0,0,0
1258940,FAYETTE CO.,0,0,0,0,0,0
1258944,WASHINGTON CO.,0,0,0,0,0,0
1258945,WASHINGTON CO.,0,0,0,0,0,0
1258946,NELSON CO.,0,0,0,0,0,0
1258947,NELSON CO.,0,0,0,0,0,0
1258948,SHELBY CO.,0,0,0,0,0,0
1258949,SHELBY CO.,0,0,0,0,0,0
1258950,CASEY CO.,0,0,0,0,0,0
1258952,GRAYSON CO.,0,0,0,0,0,0
1258951,CASEY CO.,0,0,0,0,0,0
1274745,MONTGOMERY CO.,0,0,0,0,0,0
1258953,GRAYSON CO.,0,0,0,0,0,0
1274875,MARTIN CO.,0,0,0,0,0,0
1274773,FLOYD CO.,0,0,20000,0,0,0
1274750,MAGOFFIN CO.,0,0,0,0,0,0
1258954,GRAYSON CO.,0,0,0,0,0,0
1259199,FRANKLIN CO.,1,0,0,0,0,0
1274748,JOHNSON CO.,0,0,0,0,0,0
1274877,ROCKCASTLE CO.,0,0,0,0,0,0
1258955,TAYLOR CO.,0,0,0,0,0,0
1242852,GREENUP CO.,0,0,0,0,0,0
1242853,GREENUP CO.,0,0,0,0,0,0
1242854,GREENUP CO.,0,0,0,0,0,0
1245435,LEWIS CO.,0,0,0,0,0,0
1274881,BREATHITT CO.,0,0,0,0,0,0
1242878,LAWRENCE CO.,0,0,0,0,0,0
1242881,LAWRENCE CO.,0,0,0,0,0,0
1242880,LAWRENCE CO.,0,0,0,0,0,0
1258958,MERCER CO.,0,0,0,0,0,0
1258959,SCOTT CO.,0,0,0,0,0,0
1258960,MEADE CO.,0,0,0,0,0,0
1258961,NELSON CO.,0,0,0,0,0,0
1277540,NELSON CO.,1,0,10000,0,0,0
1258969,HART CO.,0,0,0,0,0,0
1258962,LOGAN CO.,0,0,0,0,0,0
1258966,MEADE CO.,0,0,0,0,0,0
1258963,OHIO CO.,0,0,0,0,0,0
1258964,WARREN CO.,0,0,0,0,0,0
1277349,BULLITT CO.,1,0,20000,0,0,0
1258967,HARDIN CO.,0,0,0,0,0,0
1258968,HARDIN CO.,0,0,0,0,0,0
1258973,BULLITT CO.,0,0,0,0,0,0
1258975,MADISON CO.,0,0,0,0,0,0
1258976,MADISON CO.,0,0,0,0,0,0
1258974,WARREN CO.,0,0,0,0,0,0
1258970,EDMONSON CO.,0,0,0,0,0,0
1258971,EDMONSON CO.,0,0,0,0,0,0
1258972,EDMONSON CO.,0,0,0,0,0,0
1246691,KENTON CO.,0,0,0,0,0,0
1246709,OWEN CO.,0,0,2000,0,0,0
1251092,PENDLETON CO.,0,0,15000,0,0,0
1292952,ESTILL CO.,0,0,0,0,0,0
1292951,ESTILL CO.,0,0,0,0,0,0
1292873,BREATHITT CO.,0,0,0,0,0,0
1291959,FLOYD CO.,0,0,0,0,0,0
1292711,PIKE CO.,0,0,0,0,0,0
1272575,MUHLENBERG CO.,0,0,0,0,0,0
1267538,ALLEN CO.,0,0,0,0,0,0
1252143,GREENUP CO.,0,0,0,0,0,0
1252146,CARTER CO.,0,0,0,0,0,0
1262678,BOYD CO.,0,0,0,0,0,0
1262681,CARTER CO.,0,0,0,0,0,0
1271649,NELSON CO.,0,0,0,0,0,0
1271652,WASHINGTON CO.,0,0,0,0,0,0
1271654,BULLITT CO.,0,0,0,0,0,0
1271656,WASHINGTON CO.,0,0,0,0,0,0
1292625,PIKE CO.,0,0,0,0,0,0
1271660,HARDIN CO.,0,0,0,0,0,0
1271662,HARDIN CO.,0,0,0,0,0,0
1271665,HARDIN CO.,0,0,0,0,0,0
1271669,HARDIN CO.,0,0,0,0,0,0
1271670,WASHINGTON CO.,0,0,0,0,0,0
1266994,LEWIS CO.,0,0,0,0,0,0
1270911,FAYETTE CO.,0,0,0,0,0,0
1270959,WARREN CO.,0,0,0,0,0,0
1270962,SIMPSON CO.,0,0,0,0,0,0
1270965,SIMPSON CO.,0,0,0,0,0,0
1270967,SIMPSON CO.,0,0,0,0,0,0
1270968,SIMPSON CO.,0,0,0,0,0,0
1266031,GREENUP CO.,0,0,0,0,0,0
1266037,GREENUP CO.,0,0,0,0,0,0
1266050,GREENUP CO.,0,0,0,0,0,0
1266052,GREENUP CO.,0,0,0,0,0,0
1266053,GREENUP CO.,0,0,0,0,0,0
1266054,GREENUP CO.,0,0,0,0,0,0
1290068,HENDERSON CO.,0,0,100000,0,0,0
1294806,HENDERSON CO.,0,0,0,0,0,0
1268507,LAWRENCE CO.,0,0,0,0,0,0
1275331,JEFFERSON CO.,0,0,0,0,0,0
1275292,OLDHAM CO.,0,0,0,0,0,0
1275293,SHELBY CO.,0,0,0,0,0,0
1304116,MCCRACKEN CO.,0,0,5000,0,0,0
1275294,SPENCER CO.,0,0,0,0,0,0
1275295,JEFFERSON CO.,0,0,0,0,0,0
1273610,MASON CO.,0,0,30000,0,0,0
1273616,MASON CO.,0,0,5000,0,0,0
1268508,CARTER CO.,0,0,0,0,0,0
1289969,MCCRACKEN CO.,0,0,125000,0,0,0
1293706,HICKMAN CO.,0,0,10000,0,0,0
1287795,GREENUP CO.,0,0,0,0,0,0
1287796,GREENUP CO.,0,0,0,0,0,0
1295856,JEFFERSON CO.,0,0,0,0,0,0
1295857,JEFFERSON CO.,0,0,0,0,0,0
1297630,JEFFERSON CO.,0,0,0,0,0,0
1297631,JEFFERSON CO.,0,0,0,0,0,0
1297632,SPENCER CO.,0,0,0,0,0,0
1297629,JEFFERSON CO.,0,0,0,0,0,0
1295858,FAYETTE CO.,0,0,0,0,0,0
1295859,FAYETTE CO.,0,0,0,0,0,0
1295860,FAYETTE CO.,0,0,0,0,0,0
