event_id,oni_season,year,oni_anomaly,enso_phase
564702,MAM,2015,0.81,El Nino
569334,MAM,2015,0.81,El Nino
566716,MAM,2015,0.81,El Nino
564712,MAM,2015,0.81,El Nino
564711,MAM,2015,0.81,El Nino
564710,MAM,2015,0.81,El Nino
564716,MAM,2015,0.81,El Nino
564715,MAM,2015,0.81,El Nino
564713,MAM,2015,0.81,El Nino
569325,MAM,2015,0.81,El Nino
569329,MAM,2015,0.81,El Nino
566717,MAM,2015,0.81,El Nino
564720,MAM,2015,0.81,El Nino
564717,MAM,2015,0.81,El Nino
564719,MAM,2015,0.81,El Nino
564721,MAM,2015,0.81,El Nino
566719,MAM,2015,0.81,El Nino
566720,MAM,2015,0.81,El Nino
566721,MAM,2015,0.81,El Nino
566725,MAM,2015,0.81,El Nino
566727,MAM,2015,0.81,El Nino
566726,MAM,2015,0.81,El Nino
558324,MAM,2015,0.81,El Nino
564718,MAM,2015,0.81,El Nino
564709,MAM,2015,0.81,El Nino
564714,MAM,2015,0.81,El Nino
566706,MAM,2015,0.81,El Nino
564703,MAM,2015,0.81,El Nino
564704,MAM,2015,0.81,El Nino
564706,MAM,2015,0.81,El Nino
564705,MAM,2015,0.81,El Nino
564707,MAM,2015,0.81,El Nino
566660,MAM,2015,0.81,El Nino
564708,MAM,2015,0.81,El Nino
566661,MAM,2015,0.81,El Nino
566663,MAM,2015,0.81,El Nino
566666,MAM,2015,0.81,El Nino
566707,MAM,2015,0.81,El Nino
566664,MAM,2015,0.81,El Nino
566669,MAM,2015,0.81,El Nino
566675,MAM,2015,0.81,El Nino
566683,MAM,2015,0.81,El Nino
566685,MAM,2015,0.81,El Nino
566698,MAM,2015,0.81,El Nino
566699,MAM,2015,0.81,El Nino
566700,MAM,2015,0.81,El Nino
566701,MAM,2015,0.81,El Nino
566703,MAM,2015,0.81,El Nino
566704,MAM,2015,0.81,El Nino
566747,MAM,2015,0.81,El Nino
566673,MAM,2015,0.81,El Nino
569336,MAM,2015,0.81,El Nino
569338,MAM,2015,0.81,El Nino
569337,MAM,2015,0.81,El Nino
569335,MAM,2015,0.81,El Nino
564734,MAM,2015,0.81,El Nino
569347,MAM,2015,0.81,El Nino
569346,MAM,2015,0.81,El Nino
569343,MAM,2015,0.81,El Nino
565631,MAM,2015,0.81,El Nino
570937,AMJ,2015,1.02,El Nino
570936,AMJ,2015,1.02,El Nino
582701,MJJ,2015,1.25,El Nino
575804,MJJ,2015,1.25,El Nino
575808,MJJ,2015,1.25,El Nino
579525,MJJ,2015,1.25,El Nino
579554,MJJ,2015,1.25,El Nino
579557,MJJ,2015,1.25,El Nino
579552,MJJ,2015,1.25,El Nino
576536,MJJ,2015,1.25,El Nino
576537,MJJ,2015,1.25,El Nino
576534,MJJ,2015,1.25,El Nino
576538,MJJ,2015,1.25,El Nino
574805,MJJ,2015,1.25,El Nino
583509,JJA,2015,1.57,El Nino
583510,JJA,2015,1.57,El Nino
583512,JJA,2015,1.57,El Nino
583526,JJA,2015,1.57,El Nino
583639,JJA,2015,1.57,El Nino
583569,JJA,2015,1.57,El Nino
583637,JJA,2015,1.57,El Nino
583635,JJA,2015,1.57,El Nino
583638,JJA,2015,1.57,El Nino
583564,JJA,2015,1.57,El Nino
585379,JJA,2015,1.57,El Nino
585376,JJA,2015,1.57,El Nino
588935,JJA,2015,1.57,El Nino
575665,JJA,2015,1.57,El Nino
583647,JJA,2015,1.57,El Nino
583646,JJA,2015,1.57,El Nino
583644,JJA,2015,1.57,El Nino
588933,JJA,2015,1.57,El Nino
583645,JJA,2015,1.57,El Nino
583642,JJA,2015,1.57,El Nino
583641,JJA,2015,1.57,El Nino
583560,JJA,2015,1.57,El Nino
583559,JJA,2015,1.57,El Nino
583556,JJA,2015,1.57,El Nino
583640,JJA,2015,1.57,El Nino
583553,JJA,2015,1.57,El Nino
583547,JJA,2015,1.57,El Nino
583643,JJA,2015,1.57,El Nino
583834,JJA,2015,1.57,El Nino
581239,JJA,2015,1.57,El Nino
583840,JJA,2015,1.57,El Nino
581238,JJA,2015,1.57,El Nino
583842,JJA,2015,1.57,El Nino
583849,JJA,2015,1.57,El Nino
583841,JJA,2015,1.57,El Nino
581236,JJA,2015,1.57,El Nino
581235,JJA,2015,1.57,El Nino
581233,JJA,2015,1.57,El Nino
581232,JJA,2015,1.57,El Nino
581231,JJA,2015,1.57,El Nino
581230,JJA,2015,1.57,El Nino
581228,JJA,2015,1.57,El Nino
583839,JJA,2015,1.57,El Nino
588613,JJA,2015,1.57,El Nino
583853,JJA,2015,1.57,El Nino
597505,JJA,2015,1.57,El Nino
597503,JJA,2015,1.57,El Nino
587368,JJA,2015,1.57,El Nino
577453,JJA,2015,1.57,El Nino
581805,JJA,2015,1.57,El Nino
581848,JJA,2015,1.57,El Nino
581828,JJA,2015,1.57,El Nino
581815,JJA,2015,1.57,El Nino
581812,JJA,2015,1.57,El Nino
581811,JJA,2015,1.57,El Nino
581809,JJA,2015,1.57,El Nino
581802,JJA,2015,1.57,El Nino
581791,JJA,2015,1.57,El Nino
581799,JJA,2015,1.57,El Nino
581797,JJA,2015,1.57,El Nino
581793,JJA,2015,1.57,El Nino
581789,JJA,2015,1.57,El Nino
581788,JJA,2015,1.57,El Nino
581787,JJA,2015,1.57,El Nino
581785,JJA,2015,1.57,El Nino
581801,JJA,2015,1.57,El Nino
584095,JJA,2015,1.57,El Nino
597534,JJA,2015,1.57,El Nino
584091,JJA,2015,1.57,El Nino
584092,JJA,2015,1.57,El Nino
584256,JJA,2015,1.57,El Nino
584252,JJA,2015,1.57,El Nino
584088,JJA,2015,1.57,El Nino
584089,JJA,2015,1.57,El Nino
586028,JJA,2015,1.57,El Nino
586029,JJA,2015,1.57,El Nino
586032,JJA,2015,1.57,El Nino
586033,JJA,2015,1.57,El Nino
586034,JJA,2015,1.57,El Nino
586035,JJA,2015,1.57,El Nino
586036,JJA,2015,1.57,El Nino
586038,JJA,2015,1.57,El Nino
586039,JJA,2015,1.57,El Nino
586144,JJA,2015,1.57,El Nino
586040,JJA,2015,1.57,El Nino
586041,JJA,2015,1.57,El Nino
586115,JJA,2015,1.57,El Nino
586110,JJA,2015,1.57,El Nino
586116,JJA,2015,1.57,El Nino
586111,JJA,2015,1.57,El Nino
586113,JJA,2015,1.57,El Nino
586139,JJA,2015,1.57,El Nino
586130,JJA,2015,1.57,El Nino
586129,JJA,2015,1.57,El Nino
586138,JJA,2015,1.57,El Nino
586133,JJA,2015,1.57,El Nino
586136,JJA,2015,1.57,El Nino
586141,JJA,2015,1.57,El Nino
586135,JJA,2015,1.57,El Nino
586131,JJA,2015,1.57,El Nino
586106,JJA,2015,1.57,El Nino
585013,JJA,2015,1.57,El Nino
579090,JJA,2015,1.57,El Nino
584300,JJA,2015,1.57,El Nino
584304,JJA,2015,1.57,El Nino
584310,JJA,2015,1.57,El Nino
584312,JJA,2015,1.57,El Nino
579074,JJA,2015,1.57,El Nino
584319,JJA,2015,1.57,El Nino
584322,JJA,2015,1.57,El Nino
590165,JJA,2015,1.57,El Nino
584998,JJA,2015,1.57,El Nino
584999,JJA,2015,1.57,El Nino
585000,JJA,2015,1.57,El Nino
585004,JJA,2015,1.57,El Nino
590159,JJA,2015,1.57,El Nino
585011,JJA,2015,1.57,El Nino
585012,JJA,2015,1.57,El Nino
586021,JJA,2015,1.57,El Nino
585015,JJA,2015,1.57,El Nino
586023,JJA,2015,1.57,El Nino
586024,JJA,2015,1.57,El Nino
597536,JJA,2015,1.57,El Nino
586025,JJA,2015,1.57,El Nino
586031,JJA,2015,1.57,El Nino
586026,JJA,2015,1.57,El Nino
586027,JJA,2015,1.57,El Nino
585007,JJA,2015,1.57,El Nino
579915,JJA,2015,1.57,El Nino
586353,JJA,2015,1.57,El Nino
586352,JJA,2015,1.57,El Nino
586349,JJA,2015,1.57,El Nino
586347,JJA,2015,1.57,El Nino
586346,JJA,2015,1.57,El Nino
594151,JJA,2015,1.57,El Nino
597537,JJA,2015,1.57,El Nino
589644,JJA,2015,1.57,El Nino
586365,JJA,2015,1.57,El Nino
587358,JJA,2015,1.57,El Nino
587357,JJA,2015,1.57,El Nino
585312,JJA,2015,1.57,El Nino
585307,JJA,2015,1.57,El Nino
586780,JAS,2015,1.91,El Nino
587078,JAS,2015,1.91,El Nino
586779,JAS,2015,1.91,El Nino
586777,JAS,2015,1.91,El Nino
586778,JAS,2015,1.91,El Nino
586776,JAS,2015,1.91,El Nino
586806,JAS,2015,1.91,El Nino
593426,JAS,2015,1.91,El Nino
609266,NDJ,2015,2.75,El Nino
609268,NDJ,2015,2.75,El Nino
609270,NDJ,2015,2.75,El Nino
609271,NDJ,2015,2.75,El Nino
606262,NDJ,2015,2.75,El Nino
612490,NDJ,2015,2.75,El Nino
612489,NDJ,2015,2.75,El Nino
607257,NDJ,2015,2.75,El Nino
607256,NDJ,2015,2.75,El Nino
607258,NDJ,2015,2.75,El Nino
609541,NDJ,2015,2.75,El Nino
609543,NDJ,2015,2.75,El Nino
609539,NDJ,2015,2.75,El Nino
610051,JFM,2016,2.28,El Nino
610037,JFM,2016,2.28,El Nino
614625,JFM,2016,2.28,El Nino
610050,JFM,2016,2.28,El Nino
620474,FMA,2016,1.71,El Nino
620964,FMA,2016,1.71,El Nino
620472,FMA,2016,1.71,El Nino
625670,MAM,2016,1.05,El Nino
625665,MAM,2016,1.05,El Nino
625677,MAM,2016,1.05,El Nino
629182,AMJ,2016,0.49,Neutral
623516,AMJ,2016,0.49,Neutral
622483,AMJ,2016,0.49,Neutral
622238,AMJ,2016,0.49,Neutral
623717,AMJ,2016,0.49,Neutral
623718,AMJ,2016,0.49,Neutral
623719,AMJ,2016,0.49,Neutral
627331,AMJ,2016,0.49,Neutral
630331,AMJ,2016,0.49,Neutral
626571,AMJ,2016,0.49,Neutral
626615,AMJ,2016,0.49,Neutral
632950,AMJ,2016,0.49,Neutral
626616,AMJ,2016,0.49,Neutral
626617,AMJ,2016,0.49,Neutral
626618,AMJ,2016,0.49,Neutral
626619,AMJ,2016,0.49,Neutral
626620,AMJ,2016,0.49,Neutral
624496,AMJ,2016,0.49,Neutral
626627,AMJ,2016,0.49,Neutral
626628,AMJ,2016,0.49,Neutral
627128,AMJ,2016,0.49,Neutral
630217,AMJ,2016,0.49,Neutral
626629,AMJ,2016,0.49,Neutral
626626,AMJ,2016,0.49,Neutral
626624,AMJ,2016,0.49,Neutral
630215,AMJ,2016,0.49,Neutral
630213,AMJ,2016,0.49,Neutral
626623,AMJ,2016,0.49,Neutral
626622,AMJ,2016,0.49,Neutral
626625,AMJ,2016,0.49,Neutral
627685,MJJ,2016,0.0,Neutral
627686,MJJ,2016,0.0,Neutral
627687,MJJ,2016,0.0,Neutral
627689,MJJ,2016,0.0,Neutral
627690,MJJ,2016,0.0,Neutral
627688,MJJ,2016,0.0,Neutral
632683,MJJ,2016,0.0,Neutral
632140,MJJ,2016,0.0,Neutral
632110,MJJ,2016,0.0,Neutral
632112,MJJ,2016,0.0,Neutral
632105,MJJ,2016,0.0,Neutral
632116,MJJ,2016,0.0,Neutral
633828,MJJ,2016,0.0,Neutral
633826,MJJ,2016,0.0,Neutral
633827,MJJ,2016,0.0,Neutral
633825,MJJ,2016,0.0,Neutral
638248,MJJ,2016,0.0,Neutral
638279,MJJ,2016,0.0,Neutral
634135,MJJ,2016,0.0,Neutral
642486,JJA,2016,-0.31,Neutral
642488,JJA,2016,-0.31,Neutral
642490,JJA,2016,-0.31,Neutral
642493,JJA,2016,-0.31,Neutral
642495,JJA,2016,-0.31,Neutral
642180,JJA,2016,-0.31,Neutral
646564,JJA,2016,-0.31,Neutral
646563,JJA,2016,-0.31,Neutral
642185,JJA,2016,-0.31,Neutral
642184,JJA,2016,-0.31,Neutral
642183,JJA,2016,-0.31,Neutral
645432,JJA,2016,-0.31,Neutral
645435,JJA,2016,-0.31,Neutral
645394,JJA,2016,-0.31,Neutral
642181,JJA,2016,-0.31,Neutral
645330,JJA,2016,-0.31,Neutral
645195,JJA,2016,-0.31,Neutral
642182,JJA,2016,-0.31,Neutral
642189,JJA,2016,-0.31,Neutral
642188,JJA,2016,-0.31,Neutral
642190,JJA,2016,-0.31,Neutral
646591,JJA,2016,-0.31,Neutral
646583,JJA,2016,-0.31,Neutral
642191,JJA,2016,-0.31,Neutral
647420,JJA,2016,-0.31,Neutral
642186,JJA,2016,-0.31,Neutral
646568,JJA,2016,-0.31,Neutral
646566,JJA,2016,-0.31,Neutral
646565,JJA,2016,-0.31,Neutral
642187,JJA,2016,-0.31,Neutral
634809,JJA,2016,-0.31,Neutral
646749,JJA,2016,-0.31,Neutral
634810,JJA,2016,-0.31,Neutral
646745,JJA,2016,-0.31,Neutral
634811,JJA,2016,-0.31,Neutral
637124,JJA,2016,-0.31,Neutral
634805,JJA,2016,-0.31,Neutral
637125,JJA,2016,-0.31,Neutral
637123,JJA,2016,-0.31,Neutral
634806,JJA,2016,-0.31,Neutral
646761,JJA,2016,-0.31,Neutral
646758,JJA,2016,-0.31,Neutral
646763,JJA,2016,-0.31,Neutral
642098,JJA,2016,-0.31,Neutral
642097,JJA,2016,-0.31,Neutral
642095,JJA,2016,-0.31,Neutral
642092,JJA,2016,-0.31,Neutral
642090,JJA,2016,-0.31,Neutral
646788,JJA,2016,-0.31,Neutral
642450,JJA,2016,-0.31,Neutral
642451,JJA,2016,-0.31,Neutral
642453,JJA,2016,-0.31,Neutral
642454,JJA,2016,-0.31,Neutral
642105,JJA,2016,-0.31,Neutral
642210,JJA,2016,-0.31,Neutral
642106,JJA,2016,-0.31,Neutral
642661,JJA,2016,-0.31,Neutral
642107,JJA,2016,-0.31,Neutral
642458,JJA,2016,-0.31,Neutral
642109,JJA,2016,-0.31,Neutral
646931,JJA,2016,-0.31,Neutral
642464,JJA,2016,-0.31,Neutral
642195,JAS,2016,-0.5,La Nina
641166,JAS,2016,-0.5,La Nina
640987,JAS,2016,-0.5,La Nina
642192,JAS,2016,-0.5,La Nina
642194,JAS,2016,-0.5,La Nina
654133,JAS,2016,-0.5,La Nina
650390,JAS,2016,-0.5,La Nina
641514,JAS,2016,-0.5,La Nina
641513,JAS,2016,-0.5,La Nina
650392,JAS,2016,-0.5,La Nina
642478,JAS,2016,-0.5,La Nina
642482,JAS,2016,-0.5,La Nina
642483,JAS,2016,-0.5,La Nina
652342,JAS,2016,-0.5,La Nina
652348,JAS,2016,-0.5,La Nina
652346,JAS,2016,-0.5,La Nina
654136,JAS,2016,-0.5,La Nina
642489,JAS,2016,-0.5,La Nina
642487,JAS,2016,-0.5,La Nina
645405,JAS,2016,-0.5,La Nina
654089,JAS,2016,-0.5,La Nina
643572,JAS,2016,-0.5,La Nina
654082,JAS,2016,-0.5,La Nina
654084,JAS,2016,-0.5,La Nina
647034,JAS,2016,-0.5,La Nina
649187,JAS,2016,-0.5,La Nina
649188,JAS,2016,-0.5,La Nina
649190,JAS,2016,-0.5,La Nina
649191,JAS,2016,-0.5,La Nina
649193,JAS,2016,-0.5,La Nina
649196,JAS,2016,-0.5,La Nina
650357,ASO,2016,-0.58,La Nina
650359,ASO,2016,-0.58,La Nina
658207,SON,2016,-0.64,La Nina
658206,SON,2016,-0.64,La Nina
676346,FMA,2017,0.18,Neutral
676349,FMA,2017,0.18,Neutral
676367,FMA,2017,0.18,Neutral
675717,FMA,2017,0.18,Neutral
673714,FMA,2017,0.18,Neutral
676345,FMA,2017,0.18,Neutral
680040,MAM,2017,0.31,Neutral
681837,MAM,2017,0.31,Neutral
681840,MAM,2017,0.31,Neutral
681252,MAM,2017,0.31,Neutral
681544,MAM,2017,0.31,Neutral
688084,MAM,2017,0.31,Neutral
688085,MAM,2017,0.31,Neutral
687747,MAM,2017,0.31,Neutral
684594,MAM,2017,0.31,Neutral
684595,MAM,2017,0.31,Neutral
689605,MAM,2017,0.31,Neutral
689606,MAM,2017,0.31,Neutral
688104,AMJ,2017,0.4,Neutral
688103,AMJ,2017,0.4,Neutral
688102,AMJ,2017,0.4,Neutral
688107,AMJ,2017,0.4,Neutral
687770,AMJ,2017,0.4,Neutral
687768,AMJ,2017,0.4,Neutral
687766,AMJ,2017,0.4,Neutral
687772,AMJ,2017,0.4,Neutral
688945,AMJ,2017,0.4,Neutral
688949,AMJ,2017,0.4,Neutral
691229,AMJ,2017,0.4,Neutral
691230,AMJ,2017,0.4,Neutral
688286,AMJ,2017,0.4,Neutral
687774,AMJ,2017,0.4,Neutral
688609,AMJ,2017,0.4,Neutral
688608,AMJ,2017,0.4,Neutral
691253,AMJ,2017,0.4,Neutral
691257,AMJ,2017,0.4,Neutral
691156,AMJ,2017,0.4,Neutral
689894,AMJ,2017,0.4,Neutral
691155,AMJ,2017,0.4,Neutral
689907,AMJ,2017,0.4,Neutral
689910,AMJ,2017,0.4,Neutral
689901,AMJ,2017,0.4,Neutral
691152,AMJ,2017,0.4,Neutral
691151,AMJ,2017,0.4,Neutral
689888,AMJ,2017,0.4,Neutral
691148,AMJ,2017,0.4,Neutral
691147,AMJ,2017,0.4,Neutral
689887,AMJ,2017,0.4,Neutral
691150,AMJ,2017,0.4,Neutral
692708,AMJ,2017,0.4,Neutral
689886,AMJ,2017,0.4,Neutral
691149,AMJ,2017,0.4,Neutral
693427,MJJ,2017,0.39,Neutral
693428,MJJ,2017,0.39,Neutral
703398,MJJ,2017,0.39,Neutral
703397,MJJ,2017,0.39,Neutral
694330,MJJ,2017,0.39,Neutral
703402,MJJ,2017,0.39,Neutral
694553,MJJ,2017,0.39,Neutral
695276,MJJ,2017,0.39,Neutral
697063,MJJ,2017,0.39,Neutral
702407,MJJ,2017,0.39,Neutral
702409,MJJ,2017,0.39,Neutral
695283,MJJ,2017,0.39,Neutral
696740,MJJ,2017,0.39,Neutral
702410,MJJ,2017,0.39,Neutral
697047,MJJ,2017,0.39,Neutral
697043,MJJ,2017,0.39,Neutral
696734,MJJ,2017,0.39,Neutral
695298,MJJ,2017,0.39,Neutral
695290,MJJ,2017,0.39,Neutral
695308,MJJ,2017,0.39,Neutral
702408,MJJ,2017,0.39,Neutral
702411,MJJ,2017,0.39,Neutral
695269,MJJ,2017,0.39,Neutral
702402,MJJ,2017,0.39,Neutral
702405,MJJ,2017,0.39,Neutral
697593,MJJ,2017,0.39,Neutral
702394,MJJ,2017,0.39,Neutral
697594,MJJ,2017,0.39,Neutral
702406,MJJ,2017,0.39,Neutral
702396,MJJ,2017,0.39,Neutral
702400,MJJ,2017,0.39,Neutral
702395,MJJ,2017,0.39,Neutral
702398,MJJ,2017,0.39,Neutral
702397,MJJ,2017,0.39,Neutral
702401,MJJ,2017,0.39,Neutral
702403,MJJ,2017,0.39,Neutral
702404,MJJ,2017,0.39,Neutral
702399,MJJ,2017,0.39,Neutral
697738,JJA,2017,0.19,Neutral
697874,JJA,2017,0.19,Neutral
698530,JJA,2017,0.19,Neutral
706970,JJA,2017,0.19,Neutral
706951,JJA,2017,0.19,Neutral
706950,JJA,2017,0.19,Neutral
702373,JJA,2017,0.19,Neutral
711116,JJA,2017,0.19,Neutral
705010,JJA,2017,0.19,Neutral
704919,JJA,2017,0.19,Neutral
704918,JJA,2017,0.19,Neutral
704917,JJA,2017,0.19,Neutral
704913,JJA,2017,0.19,Neutral
704911,JJA,2017,0.19,Neutral
704914,JJA,2017,0.19,Neutral
705999,JAS,2017,-0.07,Neutral
706000,JAS,2017,-0.07,Neutral
711484,ASO,2017,-0.34,Neutral
711486,ASO,2017,-0.34,Neutral
711487,ASO,2017,-0.34,Neutral
718430,ASO,2017,-0.34,Neutral
711488,ASO,2017,-0.34,Neutral
711489,ASO,2017,-0.34,Neutral
711490,ASO,2017,-0.34,Neutral
711491,ASO,2017,-0.34,Neutral
711492,ASO,2017,-0.34,Neutral
711493,ASO,2017,-0.34,Neutral
711494,ASO,2017,-0.34,Neutral
711495,ASO,2017,-0.34,Neutral
723533,SON,2017,-0.6,La Nina
732317,JFM,2018,-0.71,La Nina
736619,JFM,2018,-0.71,La Nina
736618,JFM,2018,-0.71,La Nina
736617,JFM,2018,-0.71,La Nina
742612,JFM,2018,-0.71,La Nina
736615,JFM,2018,-0.71,La Nina
736614,JFM,2018,-0.71,La Nina
737281,JFM,2018,-0.71,La Nina
736620,JFM,2018,-0.71,La Nina
736613,JFM,2018,-0.71,La Nina
736616,JFM,2018,-0.71,La Nina
736612,JFM,2018,-0.71,La Nina
736611,JFM,2018,-0.71,La Nina
736610,JFM,2018,-0.71,La Nina
733172,JFM,2018,-0.71,La Nina
737279,JFM,2018,-0.71,La Nina
736607,JFM,2018,-0.71,La Nina
736609,JFM,2018,-0.71,La Nina
736600,JFM,2018,-0.71,La Nina
736601,JFM,2018,-0.71,La Nina
736602,JFM,2018,-0.71,La Nina
736603,JFM,2018,-0.71,La Nina
733169,JFM,2018,-0.71,La Nina
736605,JFM,2018,-0.71,La Nina
736604,JFM,2018,-0.71,La Nina
733160,JFM,2018,-0.71,La Nina
733165,JFM,2018,-0.71,La Nina
737276,JFM,2018,-0.71,La Nina
736608,JFM,2018,-0.71,La Nina
733168,JFM,2018,-0.71,La Nina
736606,JFM,2018,-0.71,La Nina
736622,JFM,2018,-0.71,La Nina
736621,JFM,2018,-0.71,La Nina
736639,JFM,2018,-0.71,La Nina
742198,MAM,2018,-0.39,Neutral
746859,AMJ,2018,-0.13,Neutral
746862,AMJ,2018,-0.13,Neutral
745106,AMJ,2018,-0.13,Neutral
745280,AMJ,2018,-0.13,Neutral
746867,AMJ,2018,-0.13,Neutral
746868,AMJ,2018,-0.13,Neutral
745282,AMJ,2018,-0.13,Neutral
745283,AMJ,2018,-0.13,Neutral
745284,AMJ,2018,-0.13,Neutral
746869,AMJ,2018,-0.13,Neutral
745281,AMJ,2018,-0.13,Neutral
745285,AMJ,2018,-0.13,Neutral
745487,AMJ,2018,-0.13,Neutral
745512,AMJ,2018,-0.13,Neutral
745505,AMJ,2018,-0.13,Neutral
745503,AMJ,2018,-0.13,Neutral
746874,AMJ,2018,-0.13,Neutral
745486,AMJ,2018,-0.13,Neutral
745508,AMJ,2018,-0.13,Neutral
746873,AMJ,2018,-0.13,Neutral
746872,AMJ,2018,-0.13,Neutral
746871,AMJ,2018,-0.13,Neutral
745485,AMJ,2018,-0.13,Neutral
746870,AMJ,2018,-0.13,Neutral
746875,AMJ,2018,-0.13,Neutral
746878,AMJ,2018,-0.13,Neutral
754719,AMJ,2018,-0.13,Neutral
754718,AMJ,2018,-0.13,Neutral
757543,AMJ,2018,-0.13,Neutral
757544,AMJ,2018,-0.13,Neutral
757545,AMJ,2018,-0.13,Neutral
757542,AMJ,2018,-0.13,Neutral
757548,AMJ,2018,-0.13,Neutral
748122,AMJ,2018,-0.13,Neutral
757546,AMJ,2018,-0.13,Neutral
754716,AMJ,2018,-0.13,Neutral
757536,AMJ,2018,-0.13,Neutral
754715,AMJ,2018,-0.13,Neutral
757541,AMJ,2018,-0.13,Neutral
757540,AMJ,2018,-0.13,Neutral
757539,AMJ,2018,-0.13,Neutral
748121,AMJ,2018,-0.13,Neutral
757537,AMJ,2018,-0.13,Neutral
757547,AMJ,2018,-0.13,Neutral
757535,AMJ,2018,-0.13,Neutral
755248,MJJ,2018,0.06,Neutral
755274,MJJ,2018,0.06,Neutral
757427,MJJ,2018,0.06,Neutral
757428,MJJ,2018,0.06,Neutral
757429,MJJ,2018,0.06,Neutral
757430,MJJ,2018,0.06,Neutral
752882,MJJ,2018,0.06,Neutral
752889,MJJ,2018,0.06,Neutral
757431,MJJ,2018,0.06,Neutral
757434,MJJ,2018,0.06,Neutral
752893,MJJ,2018,0.06,Neutral
763847,JJA,2018,0.14,Neutral
763845,JJA,2018,0.14,Neutral
763879,JJA,2018,0.14,Neutral
763882,JJA,2018,0.14,Neutral
763883,JJA,2018,0.14,Neutral
763884,JJA,2018,0.14,Neutral
763886,JJA,2018,0.14,Neutral
764249,JJA,2018,0.14,Neutral
764270,JJA,2018,0.14,Neutral
762096,JAS,2018,0.27,Neutral
762095,JAS,2018,0.27,Neutral
763960,JAS,2018,0.27,Neutral
782825,JAS,2018,0.27,Neutral
782830,JAS,2018,0.27,Neutral
764533,JAS,2018,0.27,Neutral
764531,JAS,2018,0.27,Neutral
764530,JAS,2018,0.27,Neutral
767280,JAS,2018,0.27,Neutral
764532,JAS,2018,0.27,Neutral
771264,JAS,2018,0.27,Neutral
782852,JAS,2018,0.27,Neutral
782853,JAS,2018,0.27,Neutral
767025,JAS,2018,0.27,Neutral
782843,JAS,2018,0.27,Neutral
767024,JAS,2018,0.27,Neutral
767026,JAS,2018,0.27,Neutral
782845,JAS,2018,0.27,Neutral
773261,ASO,2018,0.53,El Nino
772816,ASO,2018,0.53,El Nino
783637,ASO,2018,0.53,El Nino
783635,ASO,2018,0.53,El Nino
783638,ASO,2018,0.53,El Nino
783651,ASO,2018,0.53,El Nino
783639,ASO,2018,0.53,El Nino
783656,ASO,2018,0.53,El Nino
783652,ASO,2018,0.53,El Nino
783657,ASO,2018,0.53,El Nino
784424,ASO,2018,0.53,El Nino
773422,ASO,2018,0.53,El Nino
773420,ASO,2018,0.53,El Nino
773419,ASO,2018,0.53,El Nino
773421,ASO,2018,0.53,El Nino
783660,ASO,2018,0.53,El Nino
783659,ASO,2018,0.53,El Nino
773423,ASO,2018,0.53,El Nino
780986,ASO,2018,0.53,El Nino
780981,ASO,2018,0.53,El Nino
774126,ASO,2018,0.53,El Nino
783658,ASO,2018,0.53,El Nino
773418,ASO,2018,0.53,El Nino
775945,ASO,2018,0.53,El Nino
783691,ASO,2018,0.53,El Nino
783693,ASO,2018,0.53,El Nino
783694,ASO,2018,0.53,El Nino
783683,ASO,2018,0.53,El Nino
783696,ASO,2018,0.53,El Nino
775951,ASO,2018,0.53,El Nino
783690,ASO,2018,0.53,El Nino
775956,ASO,2018,0.53,El Nino
783689,ASO,2018,0.53,El Nino
783677,ASO,2018,0.53,El Nino
783687,ASO,2018,0.53,El Nino
783682,ASO,2018,0.53,El Nino
783681,ASO,2018,0.53,El Nino
783679,ASO,2018,0.53,El Nino
783688,ASO,2018,0.53,El Nino
783685,ASO,2018,0.53,El Nino
783686,ASO,2018,0.53,El Nino
783684,ASO,2018,0.53,El Nino
783698,ASO,2018,0.53,El Nino
777537,ASO,2018,0.53,El Nino
777538,ASO,2018,0.53,El Nino
777540,ASO,2018,0.53,El Nino
784989,SON,2018,0.81,El Nino
778480,SON,2018,0.81,El Nino
778481,SON,2018,0.81,El Nino
786073,OND,2018,0.97,El Nino
793876,OND,2018,0.97,El Nino
798071,JFM,2019,0.86,El Nino
798075,JFM,2019,0.86,El Nino
800087,JFM,2019,0.86,El Nino
800082,JFM,2019,0.86,El Nino
800084,JFM,2019,0.86,El Nino
800228,JFM,2019,0.86,El Nino
800085,JFM,2019,0.86,El Nino
800086,JFM,2019,0.86,El Nino
800230,JFM,2019,0.86,El Nino
800209,JFM,2019,0.86,El Nino
800221,JFM,2019,0.86,El Nino
800223,JFM,2019,0.86,El Nino
800229,JFM,2019,0.86,El Nino
800225,JFM,2019,0.86,El Nino
800089,JFM,2019,0.86,El Nino
800083,JFM,2019,0.86,El Nino
800220,JFM,2019,0.86,El Nino
800222,JFM,2019,0.86,El Nino
800226,JFM,2019,0.86,El Nino
800231,JFM,2019,0.86,El Nino
800073,JFM,2019,0.86,El Nino
800088,JFM,2019,0.86,El Nino
800080,JFM,2019,0.86,El Nino
800081,JFM,2019,0.86,El Nino
802943,JFM,2019,0.86,El Nino
802945,JFM,2019,0.86,El Nino
802946,JFM,2019,0.86,El Nino
800058,JFM,2019,0.86,El Nino
800059,JFM,2019,0.86,El Nino
800060,JFM,2019,0.86,El Nino
800061,JFM,2019,0.86,El Nino
800062,JFM,2019,0.86,El Nino
800227,JFM,2019,0.86,El Nino
802948,JFM,2019,0.86,El Nino
800068,JFM,2019,0.86,El Nino
800063,JFM,2019,0.86,El Nino
800065,JFM,2019,0.86,El Nino
800064,JFM,2019,0.86,El Nino
800070,JFM,2019,0.86,El Nino
800069,JFM,2019,0.86,El Nino
800071,JFM,2019,0.86,El Nino
800075,JFM,2019,0.86,El Nino
800078,JFM,2019,0.86,El Nino
800224,JFM,2019,0.86,El Nino
800090,JFM,2019,0.86,El Nino
807424,FMA,2019,0.84,El Nino
807432,FMA,2019,0.84,El Nino
816147,AMJ,2019,0.64,El Nino
817484,MJJ,2019,0.52,El Nino
817486,MJJ,2019,0.52,El Nino
817487,MJJ,2019,0.52,El Nino
818106,MJJ,2019,0.52,El Nino
818108,MJJ,2019,0.52,El Nino
818107,MJJ,2019,0.52,El Nino
841434,MJJ,2019,0.52,El Nino
818658,MJJ,2019,0.52,El Nino
830794,MJJ,2019,0.52,El Nino
830818,MJJ,2019,0.52,El Nino
830812,MJJ,2019,0.52,El Nino
825735,MJJ,2019,0.52,El Nino
825734,MJJ,2019,0.52,El Nino
820090,MJJ,2019,0.52,El Nino
841810,MJJ,2019,0.52,El Nino
841811,MJJ,2019,0.52,El Nino
833069,MJJ,2019,0.52,El Nino
820120,MJJ,2019,0.52,El Nino
820151,MJJ,2019,0.52,El Nino
829439,MJJ,2019,0.52,El Nino
829280,MJJ,2019,0.52,El Nino
829273,MJJ,2019,0.52,El Nino
841631,MJJ,2019,0.52,El Nino
841628,MJJ,2019,0.52,El Nino
841629,MJJ,2019,0.52,El Nino
829262,MJJ,2019,0.52,El Nino
841625,MJJ,2019,0.52,El Nino
841624,MJJ,2019,0.52,El Nino
826058,MJJ,2019,0.52,El Nino
826065,JJA,2019,0.33,Neutral
843677,JJA,2019,0.33,Neutral
843679,JJA,2019,0.33,Neutral
833022,JJA,2019,0.33,Neutral
833025,JJA,2019,0.33,Neutral
826086,JJA,2019,0.33,Neutral
826087,JJA,2019,0.33,Neutral
833222,JJA,2019,0.33,Neutral
833223,JJA,2019,0.33,Neutral
826497,JJA,2019,0.33,Neutral
826459,JJA,2019,0.33,Neutral
826443,JJA,2019,0.33,Neutral
826439,JJA,2019,0.33,Neutral
826915,JJA,2019,0.33,Neutral
828120,JJA,2019,0.33,Neutral
828121,JJA,2019,0.33,Neutral
843707,JJA,2019,0.33,Neutral
843708,JJA,2019,0.33,Neutral
827487,JJA,2019,0.33,Neutral
827486,JJA,2019,0.33,Neutral
828280,JJA,2019,0.33,Neutral
843735,JJA,2019,0.33,Neutral
839685,JJA,2019,0.33,Neutral
833243,JJA,2019,0.33,Neutral
833233,JJA,2019,0.33,Neutral
829577,JJA,2019,0.33,Neutral
843737,JJA,2019,0.33,Neutral
843741,JJA,2019,0.33,Neutral
843736,JJA,2019,0.33,Neutral
832652,JJA,2019,0.33,Neutral
834424,JAS,2019,0.19,Neutral
834418,JAS,2019,0.19,Neutral
847128,JAS,2019,0.19,Neutral
847123,JAS,2019,0.19,Neutral
841255,JAS,2019,0.19,Neutral
847202,JAS,2019,0.19,Neutral
856247,SON,2019,0.39,Neutral
866712,OND,2019,0.58,El Nino
866711,OND,2019,0.58,El Nino
866709,OND,2019,0.58,El Nino
866706,OND,2019,0.58,El Nino
866705,OND,2019,0.58,El Nino
866703,OND,2019,0.58,El Nino
866702,OND,2019,0.58,El Nino
863305,OND,2019,0.58,El Nino
866697,OND,2019,0.58,El Nino
866713,OND,2019,0.58,El Nino
866704,OND,2019,0.58,El Nino
858559,OND,2019,0.58,El Nino
866696,OND,2019,0.58,El Nino
863307,OND,2019,0.58,El Nino
866700,OND,2019,0.58,El Nino
865946,NDJ,2019,0.66,El Nino
865945,NDJ,2019,0.66,El Nino
865943,NDJ,2019,0.66,El Nino
869324,NDJ,2019,0.66,El Nino
868893,DJF,2020,0.64,El Nino
868897,DJF,2020,0.64,El Nino
868895,DJF,2020,0.64,El Nino
868896,DJF,2020,0.64,El Nino
867883,JFM,2020,0.63,El Nino
872339,JFM,2020,0.63,El Nino
872338,JFM,2020,0.63,El Nino
876308,FMA,2020,0.53,El Nino
883049,FMA,2020,0.53,El Nino
876304,FMA,2020,0.53,El Nino
883258,FMA,2020,0.53,El Nino
883256,FMA,2020,0.53,El Nino
883260,FMA,2020,0.53,El Nino
883259,FMA,2020,0.53,El Nino
883257,FMA,2020,0.53,El Nino
883255,FMA,2020,0.53,El Nino
883152,FMA,2020,0.53,El Nino
883151,FMA,2020,0.53,El Nino
883254,FMA,2020,0.53,El Nino
883284,FMA,2020,0.53,El Nino
880252,AMJ,2020,0.01,Neutral
880246,AMJ,2020,0.01,Neutral
880257,AMJ,2020,0.01,Neutral
880249,AMJ,2020,0.01,Neutral
880255,AMJ,2020,0.01,Neutral
880261,AMJ,2020,0.01,Neutral
882098,AMJ,2020,0.01,Neutral
882097,AMJ,2020,0.01,Neutral
882014,AMJ,2020,0.01,Neutral
882012,AMJ,2020,0.01,Neutral
895613,AMJ,2020,0.01,Neutral
895612,AMJ,2020,0.01,Neutral
897347,AMJ,2020,0.01,Neutral
897343,AMJ,2020,0.01,Neutral
897341,AMJ,2020,0.01,Neutral
897340,AMJ,2020,0.01,Neutral
897338,AMJ,2020,0.01,Neutral
897337,AMJ,2020,0.01,Neutral
897334,AMJ,2020,0.01,Neutral
897330,AMJ,2020,0.01,Neutral
897323,AMJ,2020,0.01,Neutral
895622,AMJ,2020,0.01,Neutral
895617,AMJ,2020,0.01,Neutral
891280,AMJ,2020,0.01,Neutral
882780,AMJ,2020,0.01,Neutral
895614,AMJ,2020,0.01,Neutral
897354,AMJ,2020,0.01,Neutral
882883,AMJ,2020,0.01,Neutral
882811,AMJ,2020,0.01,Neutral
882879,AMJ,2020,0.01,Neutral
882877,AMJ,2020,0.01,Neutral
882872,AMJ,2020,0.01,Neutral
882810,AMJ,2020,0.01,Neutral
882812,AMJ,2020,0.01,Neutral
882815,AMJ,2020,0.01,Neutral
882873,AMJ,2020,0.01,Neutral
882817,AMJ,2020,0.01,Neutral
882875,AMJ,2020,0.01,Neutral
898062,AMJ,2020,0.01,Neutral
882867,AMJ,2020,0.01,Neutral
882866,AMJ,2020,0.01,Neutral
883635,AMJ,2020,0.01,Neutral
882863,AMJ,2020,0.01,Neutral
882865,AMJ,2020,0.01,Neutral
899007,MJJ,2020,-0.23,Neutral
906614,MJJ,2020,-0.23,Neutral
906615,MJJ,2020,-0.23,Neutral
906563,MJJ,2020,-0.23,Neutral
906562,MJJ,2020,-0.23,Neutral
906561,MJJ,2020,-0.23,Neutral
906560,MJJ,2020,-0.23,Neutral
906558,MJJ,2020,-0.23,Neutral
906557,MJJ,2020,-0.23,Neutral
906559,MJJ,2020,-0.23,Neutral
906555,MJJ,2020,-0.23,Neutral
906554,MJJ,2020,-0.23,Neutral
899021,MJJ,2020,-0.23,Neutral
899013,MJJ,2020,-0.23,Neutral
906553,MJJ,2020,-0.23,Neutral
899012,MJJ,2020,-0.23,Neutral
906556,MJJ,2020,-0.23,Neutral
906590,MJJ,2020,-0.23,Neutral
906591,MJJ,2020,-0.23,Neutral
906592,MJJ,2020,-0.23,Neutral
906593,MJJ,2020,-0.23,Neutral
906596,MJJ,2020,-0.23,Neutral
906595,MJJ,2020,-0.23,Neutral
892425,MJJ,2020,-0.23,Neutral
906597,MJJ,2020,-0.23,Neutral
906573,MJJ,2020,-0.23,Neutral
906594,MJJ,2020,-0.23,Neutral
906589,MJJ,2020,-0.23,Neutral
892424,MJJ,2020,-0.23,Neutral
906572,MJJ,2020,-0.23,Neutral
906571,MJJ,2020,-0.23,Neutral
892422,MJJ,2020,-0.23,Neutral
914808,MJJ,2020,-0.23,Neutral
906570,MJJ,2020,-0.23,Neutral
906569,MJJ,2020,-0.23,Neutral
906568,MJJ,2020,-0.23,Neutral
906567,MJJ,2020,-0.23,Neutral
906566,MJJ,2020,-0.23,Neutral
906565,MJJ,2020,-0.23,Neutral
906564,MJJ,2020,-0.23,Neutral
891207,MJJ,2020,-0.23,Neutral
899101,MJJ,2020,-0.23,Neutral
892106,MJJ,2020,-0.23,Neutral
892433,MJJ,2020,-0.23,Neutral
905101,JJA,2020,-0.36,Neutral
908084,JJA,2020,-0.36,Neutral
905229,JJA,2020,-0.36,Neutral
913357,JJA,2020,-0.36,Neutral
905237,JJA,2020,-0.36,Neutral
913358,JJA,2020,-0.36,Neutral
905361,JJA,2020,-0.36,Neutral
905369,JJA,2020,-0.36,Neutral
913756,JJA,2020,-0.36,Neutral
913757,JJA,2020,-0.36,Neutral
913758,JJA,2020,-0.36,Neutral
913761,JJA,2020,-0.36,Neutral
905378,JJA,2020,-0.36,Neutral
913759,JJA,2020,-0.36,Neutral
905472,JJA,2020,-0.36,Neutral
896306,JJA,2020,-0.36,Neutral
913765,JJA,2020,-0.36,Neutral
913763,JJA,2020,-0.36,Neutral
905688,JJA,2020,-0.36,Neutral
913635,JJA,2020,-0.36,Neutral
913639,JJA,2020,-0.36,Neutral
913641,JJA,2020,-0.36,Neutral
900786,JAS,2020,-0.53,La Nina
910215,JAS,2020,-0.53,La Nina
918516,JAS,2020,-0.53,La Nina
902584,JAS,2020,-0.53,La Nina
918703,JAS,2020,-0.53,La Nina
918702,JAS,2020,-0.53,La Nina
918701,JAS,2020,-0.53,La Nina
918704,JAS,2020,-0.53,La Nina
918698,JAS,2020,-0.53,La Nina
918684,JAS,2020,-0.53,La Nina
918680,JAS,2020,-0.53,La Nina
918699,JAS,2020,-0.53,La Nina
909799,JAS,2020,-0.53,La Nina
921002,ASO,2020,-0.85,La Nina
921009,ASO,2020,-0.85,La Nina
921008,ASO,2020,-0.85,La Nina
921007,ASO,2020,-0.85,La Nina
921006,ASO,2020,-0.85,La Nina
913583,ASO,2020,-0.85,La Nina
921004,ASO,2020,-0.85,La Nina
921005,ASO,2020,-0.85,La Nina
921003,ASO,2020,-0.85,La Nina
912526,ASO,2020,-0.85,La Nina
912514,ASO,2020,-0.85,La Nina
912512,ASO,2020,-0.85,La Nina
912510,ASO,2020,-0.85,La Nina
912501,ASO,2020,-0.85,La Nina
912498,ASO,2020,-0.85,La Nina
916090,ASO,2020,-0.85,La Nina
912496,ASO,2020,-0.85,La Nina
921300,ASO,2020,-0.85,La Nina
921301,ASO,2020,-0.85,La Nina
921302,ASO,2020,-0.85,La Nina
921303,ASO,2020,-0.85,La Nina
912721,ASO,2020,-0.85,La Nina
938410,DJF,2021,-0.91,La Nina
935967,DJF,2021,-0.91,La Nina
945123,JFM,2021,-0.79,La Nina
945098,JFM,2021,-0.79,La Nina
938244,JFM,2021,-0.79,La Nina
938245,JFM,2021,-0.79,La Nina
938246,JFM,2021,-0.79,La Nina
945120,JFM,2021,-0.79,La Nina
945100,JFM,2021,-0.79,La Nina
938248,JFM,2021,-0.79,La Nina
945124,JFM,2021,-0.79,La Nina
938295,JFM,2021,-0.79,La Nina
938291,JFM,2021,-0.79,La Nina
945126,JFM,2021,-0.79,La Nina
938293,JFM,2021,-0.79,La Nina
938239,JFM,2021,-0.79,La Nina
938498,JFM,2021,-0.79,La Nina
938556,JFM,2021,-0.79,La Nina
938564,JFM,2021,-0.79,La Nina
945129,JFM,2021,-0.79,La Nina
945118,JFM,2021,-0.79,La Nina
938230,JFM,2021,-0.79,La Nina
938201,JFM,2021,-0.79,La Nina
945090,JFM,2021,-0.79,La Nina
938179,JFM,2021,-0.79,La Nina
938184,JFM,2021,-0.79,La Nina
938190,JFM,2021,-0.79,La Nina
945071,JFM,2021,-0.79,La Nina
938196,JFM,2021,-0.79,La Nina
940993,JFM,2021,-0.79,La Nina
938211,JFM,2021,-0.79,La Nina
938209,JFM,2021,-0.79,La Nina
940964,JFM,2021,-0.79,La Nina
940967,JFM,2021,-0.79,La Nina
940968,JFM,2021,-0.79,La Nina
940971,JFM,2021,-0.79,La Nina
938736,JFM,2021,-0.79,La Nina
945069,JFM,2021,-0.79,La Nina
945070,JFM,2021,-0.79,La Nina
945084,JFM,2021,-0.79,La Nina
945087,JFM,2021,-0.79,La Nina
938217,JFM,2021,-0.79,La Nina
938845,FMA,2021,-0.71,La Nina
938851,FMA,2021,-0.71,La Nina
938848,FMA,2021,-0.71,La Nina
938838,FMA,2021,-0.71,La Nina
938847,FMA,2021,-0.71,La Nina
938829,FMA,2021,-0.71,La Nina
938589,FMA,2021,-0.71,La Nina
938588,FMA,2021,-0.71,La Nina
938587,FMA,2021,-0.71,La Nina
938832,FMA,2021,-0.71,La Nina
938304,FMA,2021,-0.71,La Nina
938305,FMA,2021,-0.71,La Nina
938306,FMA,2021,-0.71,La Nina
938308,FMA,2021,-0.71,La Nina
938309,FMA,2021,-0.71,La Nina
950860,FMA,2021,-0.71,La Nina
950859,FMA,2021,-0.71,La Nina
950854,FMA,2021,-0.71,La Nina
950858,FMA,2021,-0.71,La Nina
950864,FMA,2021,-0.71,La Nina
950850,FMA,2021,-0.71,La Nina
950857,FMA,2021,-0.71,La Nina
952848,MAM,2021,-0.55,La Nina
949762,MAM,2021,-0.55,La Nina
963049,AMJ,2021,-0.39,Neutral
953993,AMJ,2021,-0.39,Neutral
963044,AMJ,2021,-0.39,Neutral
953994,AMJ,2021,-0.39,Neutral
963045,AMJ,2021,-0.39,Neutral
963046,AMJ,2021,-0.39,Neutral
963043,AMJ,2021,-0.39,Neutral
963047,AMJ,2021,-0.39,Neutral
963048,AMJ,2021,-0.39,Neutral
963051,AMJ,2021,-0.39,Neutral
962808,AMJ,2021,-0.39,Neutral
963054,AMJ,2021,-0.39,Neutral
963056,AMJ,2021,-0.39,Neutral
963055,AMJ,2021,-0.39,Neutral
962843,AMJ,2021,-0.39,Neutral
963057,AMJ,2021,-0.39,Neutral
962834,AMJ,2021,-0.39,Neutral
962809,AMJ,2021,-0.39,Neutral
962806,AMJ,2021,-0.39,Neutral
953992,AMJ,2021,-0.39,Neutral
963052,AMJ,2021,-0.39,Neutral
961284,MJJ,2021,-0.3,Neutral
957848,MJJ,2021,-0.3,Neutral
958809,MJJ,2021,-0.3,Neutral
958972,MJJ,2021,-0.3,Neutral
970178,MJJ,2021,-0.3,Neutral
956376,MJJ,2021,-0.3,Neutral
956375,MJJ,2021,-0.3,Neutral
956412,MJJ,2021,-0.3,Neutral
956378,MJJ,2021,-0.3,Neutral
956414,MJJ,2021,-0.3,Neutral
956416,MJJ,2021,-0.3,Neutral
956415,MJJ,2021,-0.3,Neutral
956413,MJJ,2021,-0.3,Neutral
956430,MJJ,2021,-0.3,Neutral
956417,MJJ,2021,-0.3,Neutral
957856,MJJ,2021,-0.3,Neutral
956418,MJJ,2021,-0.3,Neutral
956422,MJJ,2021,-0.3,Neutral
956433,MJJ,2021,-0.3,Neutral
957850,MJJ,2021,-0.3,Neutral
956434,MJJ,2021,-0.3,Neutral
956419,MJJ,2021,-0.3,Neutral
953973,MJJ,2021,-0.3,Neutral
970182,MJJ,2021,-0.3,Neutral
953972,MJJ,2021,-0.3,Neutral
968773,MJJ,2021,-0.3,Neutral
962982,MJJ,2021,-0.3,Neutral
969805,MJJ,2021,-0.3,Neutral
961289,MJJ,2021,-0.3,Neutral
970376,JJA,2021,-0.35,Neutral
975618,JJA,2021,-0.35,Neutral
975631,JJA,2021,-0.35,Neutral
975617,JJA,2021,-0.35,Neutral
975614,JJA,2021,-0.35,Neutral
975604,JJA,2021,-0.35,Neutral
975605,JJA,2021,-0.35,Neutral
975613,JJA,2021,-0.35,Neutral
975603,JJA,2021,-0.35,Neutral
970384,JJA,2021,-0.35,Neutral
970383,JJA,2021,-0.35,Neutral
970382,JJA,2021,-0.35,Neutral
970381,JJA,2021,-0.35,Neutral
975611,JJA,2021,-0.35,Neutral
964715,JJA,2021,-0.35,Neutral
964716,JJA,2021,-0.35,Neutral
964712,JJA,2021,-0.35,Neutral
964713,JJA,2021,-0.35,Neutral
964711,JJA,2021,-0.35,Neutral
964714,JJA,2021,-0.35,Neutral
964709,JJA,2021,-0.35,Neutral
964706,JJA,2021,-0.35,Neutral
964710,JJA,2021,-0.35,Neutral
965492,JJA,2021,-0.35,Neutral
968466,JJA,2021,-0.35,Neutral
965491,JJA,2021,-0.35,Neutral
964721,JJA,2021,-0.35,Neutral
975708,JJA,2021,-0.35,Neutral
964812,JJA,2021,-0.35,Neutral
968027,JJA,2021,-0.35,Neutral
968022,JJA,2021,-0.35,Neutral
964808,JJA,2021,-0.35,Neutral
964809,JJA,2021,-0.35,Neutral
965408,JJA,2021,-0.35,Neutral
973863,JJA,2021,-0.35,Neutral
976057,JJA,2021,-0.35,Neutral
975715,JJA,2021,-0.35,Neutral
976186,JJA,2021,-0.35,Neutral
975741,JJA,2021,-0.35,Neutral
976219,JJA,2021,-0.35,Neutral
976215,JJA,2021,-0.35,Neutral
976218,JJA,2021,-0.35,Neutral
975716,JJA,2021,-0.35,Neutral
976192,JJA,2021,-0.35,Neutral
976188,JJA,2021,-0.35,Neutral
976191,JJA,2021,-0.35,Neutral
976222,JJA,2021,-0.35,Neutral
976179,JJA,2021,-0.35,Neutral
975739,JJA,2021,-0.35,Neutral
976230,JJA,2021,-0.35,Neutral
976149,JJA,2021,-0.35,Neutral
976151,JJA,2021,-0.35,Neutral
976185,JJA,2021,-0.35,Neutral
976157,JJA,2021,-0.35,Neutral
976184,JJA,2021,-0.35,Neutral
976170,JJA,2021,-0.35,Neutral
976150,JJA,2021,-0.35,Neutral
981054,JAS,2021,-0.45,Neutral
981055,JAS,2021,-0.45,Neutral
981056,JAS,2021,-0.45,Neutral
966130,JAS,2021,-0.45,Neutral
966126,JAS,2021,-0.45,Neutral
966125,JAS,2021,-0.45,Neutral
981059,JAS,2021,-0.45,Neutral
981057,JAS,2021,-0.45,Neutral
981058,JAS,2021,-0.45,Neutral
981060,JAS,2021,-0.45,Neutral
981061,JAS,2021,-0.45,Neutral
981706,JAS,2021,-0.45,Neutral
981705,JAS,2021,-0.45,Neutral
981707,JAS,2021,-0.45,Neutral
981709,JAS,2021,-0.45,Neutral
971615,JAS,2021,-0.45,Neutral
975043,JAS,2021,-0.45,Neutral
971616,JAS,2021,-0.45,Neutral
981062,JAS,2021,-0.45,Neutral
969985,JAS,2021,-0.45,Neutral
981704,JAS,2021,-0.45,Neutral
971614,JAS,2021,-0.45,Neutral
971612,JAS,2021,-0.45,Neutral
981069,JAS,2021,-0.45,Neutral
981703,JAS,2021,-0.45,Neutral
981698,JAS,2021,-0.45,Neutral
981696,JAS,2021,-0.45,Neutral
981702,JAS,2021,-0.45,Neutral
987347,ASO,2021,-0.63,La Nina
987351,ASO,2021,-0.63,La Nina
987346,ASO,2021,-0.63,La Nina
985760,ASO,2021,-0.63,La Nina
985761,ASO,2021,-0.63,La Nina
985762,ASO,2021,-0.63,La Nina
987352,ASO,2021,-0.63,La Nina
985763,ASO,2021,-0.63,La Nina
989268,SON,2021,-0.76,La Nina
989269,SON,2021,-0.76,La Nina
989270,SON,2021,-0.76,La Nina
989271,SON,2021,-0.76,La Nina
980786,SON,2021,-0.76,La Nina
996845,NDJ,2021,-0.87,La Nina
996846,NDJ,2021,-0.87,La Nina
996849,NDJ,2021,-0.87,La Nina
994160,DJF,2022,-0.82,La Nina
994157,DJF,2022,-0.82,La Nina
994156,DJF,2022,-0.82,La Nina
1004933,DJF,2022,-0.82,La Nina
1004932,DJF,2022,-0.82,La Nina
1005219,DJF,2022,-0.82,La Nina
1005584,DJF,2022,-0.82,La Nina
1004610,DJF,2022,-0.82,La Nina
1004606,DJF,2022,-0.82,La Nina
1004604,DJF,2022,-0.82,La Nina
1004603,DJF,2022,-0.82,La Nina
1004595,DJF,2022,-0.82,La Nina
1004588,DJF,2022,-0.82,La Nina
1005229,DJF,2022,-0.82,La Nina
1005248,DJF,2022,-0.82,La Nina
1004586,DJF,2022,-0.82,La Nina
1005246,DJF,2022,-0.82,La Nina
1004352,DJF,2022,-0.82,La Nina
1004587,DJF,2022,-0.82,La Nina
1004346,DJF,2022,-0.82,La Nina
1004929,DJF,2022,-0.82,La Nina
1004930,DJF,2022,-0.82,La Nina
1004923,DJF,2022,-0.82,La Nina
1004928,DJF,2022,-0.82,La Nina
1004927,DJF,2022,-0.82,La Nina
1004925,DJF,2022,-0.82,La Nina
1004921,DJF,2022,-0.82,La Nina
999544,DJF,2022,-0.82,La Nina
1002490,JFM,2022,-0.79,La Nina
1002498,JFM,2022,-0.79,La Nina
1006624,JFM,2022,-0.79,La Nina
1002488,JFM,2022,-0.79,La Nina
1002500,JFM,2022,-0.79,La Nina
1016220,FMA,2022,-0.86,La Nina
1013335,MAM,2022,-0.95,La Nina
1013337,MAM,2022,-0.95,La Nina
1013339,MAM,2022,-0.95,La Nina
1017712,AMJ,2022,-0.9,La Nina
1017675,AMJ,2022,-0.9,La Nina
1017721,AMJ,2022,-0.9,La Nina
1014504,AMJ,2022,-0.9,La Nina
1017718,AMJ,2022,-0.9,La Nina
1017717,AMJ,2022,-0.9,La Nina
1014503,AMJ,2022,-0.9,La Nina
1031014,AMJ,2022,-0.9,La Nina
1017678,AMJ,2022,-0.9,La Nina
1017707,AMJ,2022,-0.9,La Nina
1068889,AMJ,2022,-0.9,La Nina
1028673,AMJ,2022,-0.9,La Nina
1028059,AMJ,2022,-0.9,La Nina
1028030,AMJ,2022,-0.9,La Nina
1032597,MJJ,2022,-0.78,La Nina
1039008,JJA,2022,-0.76,La Nina
1048041,JJA,2022,-0.76,La Nina
1048025,JJA,2022,-0.76,La Nina
1048029,JJA,2022,-0.76,La Nina
1039032,JJA,2022,-0.76,La Nina
1043775,JJA,2022,-0.76,La Nina
1039036,JJA,2022,-0.76,La Nina
1029508,JJA,2022,-0.76,La Nina
1029509,JJA,2022,-0.76,La Nina
1040116,JJA,2022,-0.76,La Nina
1046294,JJA,2022,-0.76,La Nina
1046295,JJA,2022,-0.76,La Nina
1046296,JJA,2022,-0.76,La Nina
1042001,JJA,2022,-0.76,La Nina
1042000,JJA,2022,-0.76,La Nina
1041999,JJA,2022,-0.76,La Nina
1041995,JJA,2022,-0.76,La Nina
1041997,JJA,2022,-0.76,La Nina
1041990,JJA,2022,-0.76,La Nina
1041993,JJA,2022,-0.76,La Nina
1041992,JJA,2022,-0.76,La Nina
1041991,JJA,2022,-0.76,La Nina
1041994,JJA,2022,-0.76,La Nina
1049108,JJA,2022,-0.76,La Nina
1048111,JJA,2022,-0.76,La Nina
1049184,JJA,2022,-0.76,La Nina
1049145,JJA,2022,-0.76,La Nina
1049192,JJA,2022,-0.76,La Nina
1049130,JJA,2022,-0.76,La Nina
1048110,JJA,2022,-0.76,La Nina
1049081,JJA,2022,-0.76,La Nina
1049118,JJA,2022,-0.76,La Nina
1048109,JJA,2022,-0.76,La Nina
1048131,JJA,2022,-0.76,La Nina
1049203,JJA,2022,-0.76,La Nina
1048101,JJA,2022,-0.76,La Nina
1048103,JJA,2022,-0.76,La Nina
1049134,JJA,2022,-0.76,La Nina
1049189,JJA,2022,-0.76,La Nina
1046304,JJA,2022,-0.76,La Nina
1049154,JJA,2022,-0.76,La Nina
1049202,JJA,2022,-0.76,La Nina
1049197,JJA,2022,-0.76,La Nina
1049115,JJA,2022,-0.76,La Nina
1049413,JJA,2022,-0.76,La Nina
1049385,JJA,2022,-0.76,La Nina
1049408,JJA,2022,-0.76,La Nina
1049400,JJA,2022,-0.76,La Nina
1041049,JJA,2022,-0.76,La Nina
1041048,JJA,2022,-0.76,La Nina
1041045,JJA,2022,-0.76,La Nina
1041044,JJA,2022,-0.76,La Nina
1041042,JJA,2022,-0.76,La Nina
1041043,JJA,2022,-0.76,La Nina
1041046,JJA,2022,-0.76,La Nina
1041047,JJA,2022,-0.76,La Nina
1039743,JJA,2022,-0.76,La Nina
1039741,JJA,2022,-0.76,La Nina
1041041,JJA,2022,-0.76,La Nina
1040736,JAS,2022,-0.87,La Nina
1040712,JAS,2022,-0.87,La Nina
1040718,JAS,2022,-0.87,La Nina
1040733,JAS,2022,-0.87,La Nina
1040708,JAS,2022,-0.87,La Nina
1040734,JAS,2022,-0.87,La Nina
1040740,JAS,2022,-0.87,La Nina
1049301,JAS,2022,-0.87,La Nina
1049299,JAS,2022,-0.87,La Nina
1046447,JAS,2022,-0.87,La Nina
1046445,JAS,2022,-0.87,La Nina
1053146,JAS,2022,-0.87,La Nina
1053144,JAS,2022,-0.87,La Nina
1053143,JAS,2022,-0.87,La Nina
1046446,JAS,2022,-0.87,La Nina
1053150,JAS,2022,-0.87,La Nina
1053147,JAS,2022,-0.87,La Nina
1053149,JAS,2022,-0.87,La Nina
1053145,JAS,2022,-0.87,La Nina
1053148,JAS,2022,-0.87,La Nina
1046058,JAS,2022,-0.87,La Nina
1046068,JAS,2022,-0.87,La Nina
1046069,JAS,2022,-0.87,La Nina
1046067,JAS,2022,-0.87,La Nina
1046066,JAS,2022,-0.87,La Nina
1046453,JAS,2022,-0.87,La Nina
1046473,JAS,2022,-0.87,La Nina
1046059,JAS,2022,-0.87,La Nina
1046471,JAS,2022,-0.87,La Nina
1046063,JAS,2022,-0.87,La Nina
1046061,JAS,2022,-0.87,La Nina
1046054,JAS,2022,-0.87,La Nina
1046055,JAS,2022,-0.87,La Nina
1046452,JAS,2022,-0.87,La Nina
1046056,JAS,2022,-0.87,La Nina
1053183,JAS,2022,-0.87,La Nina
1053227,JAS,2022,-0.87,La Nina
1053224,JAS,2022,-0.87,La Nina
1051575,JAS,2022,-0.87,La Nina
1051579,JAS,2022,-0.87,La Nina
1049729,JAS,2022,-0.87,La Nina
1051720,ASO,2022,-0.97,La Nina
1058146,ASO,2022,-0.97,La Nina
1051686,ASO,2022,-0.97,La Nina
1051687,ASO,2022,-0.97,La Nina
1058147,ASO,2022,-0.97,La Nina
1051721,ASO,2022,-0.97,La Nina
1058148,ASO,2022,-0.97,La Nina
1058149,ASO,2022,-0.97,La Nina
1058153,ASO,2022,-0.97,La Nina
1058152,ASO,2022,-0.97,La Nina
1058154,ASO,2022,-0.97,La Nina
1071305,DJF,2023,-0.54,La Nina
1071303,DJF,2023,-0.54,La Nina
1071302,DJF,2023,-0.54,La Nina
1071274,DJF,2023,-0.54,La Nina
1071289,DJF,2023,-0.54,La Nina
1071270,DJF,2023,-0.54,La Nina
1071271,DJF,2023,-0.54,La Nina
1071307,DJF,2023,-0.54,La Nina
1071290,DJF,2023,-0.54,La Nina
1063421,DJF,2023,-0.54,La Nina
1064550,DJF,2023,-0.54,La Nina
1063423,DJF,2023,-0.54,La Nina
1063966,DJF,2023,-0.54,La Nina
1071308,DJF,2023,-0.54,La Nina
1063967,DJF,2023,-0.54,La Nina
1063970,DJF,2023,-0.54,La Nina
1063969,DJF,2023,-0.54,La Nina
1063427,DJF,2023,-0.54,La Nina
1063434,DJF,2023,-0.54,La Nina
1063965,DJF,2023,-0.54,La Nina
1071309,DJF,2023,-0.54,La Nina
1070820,DJF,2023,-0.54,La Nina
1071267,DJF,2023,-0.54,La Nina
1071269,DJF,2023,-0.54,La Nina
1071167,DJF,2023,-0.54,La Nina
1071168,DJF,2023,-0.54,La Nina
1071169,DJF,2023,-0.54,La Nina
1071170,DJF,2023,-0.54,La Nina
1070805,DJF,2023,-0.54,La Nina
1070812,DJF,2023,-0.54,La Nina
1071178,DJF,2023,-0.54,La Nina
1071179,DJF,2023,-0.54,La Nina
1070818,DJF,2023,-0.54,La Nina
1071171,DJF,2023,-0.54,La Nina
1071266,DJF,2023,-0.54,La Nina
1071176,DJF,2023,-0.54,La Nina
1071182,DJF,2023,-0.54,La Nina
1071184,DJF,2023,-0.54,La Nina
1071264,DJF,2023,-0.54,La Nina
1071175,DJF,2023,-0.54,La Nina
1071173,DJF,2023,-0.54,La Nina
1071174,DJF,2023,-0.54,La Nina
1075684,JFM,2023,-0.29,Neutral
1083323,JFM,2023,-0.29,Neutral
1082519,JFM,2023,-0.29,Neutral
1082518,JFM,2023,-0.29,Neutral
1082517,JFM,2023,-0.29,Neutral
1082516,JFM,2023,-0.29,Neutral
1082515,JFM,2023,-0.29,Neutral
1082513,JFM,2023,-0.29,Neutral
1078729,JFM,2023,-0.29,Neutral
1075682,JFM,2023,-0.29,Neutral
1075681,JFM,2023,-0.29,Neutral
1082504,JFM,2023,-0.29,Neutral
1082502,JFM,2023,-0.29,Neutral
1082501,JFM,2023,-0.29,Neutral
1075680,JFM,2023,-0.29,Neutral
1082505,JFM,2023,-0.29,Neutral
1082945,FMA,2023,-0.02,Neutral
1085393,FMA,2023,-0.02,Neutral
1082943,FMA,2023,-0.02,Neutral
1082947,FMA,2023,-0.02,Neutral
1082934,FMA,2023,-0.02,Neutral
1085394,FMA,2023,-0.02,Neutral
1082942,FMA,2023,-0.02,Neutral
1082941,FMA,2023,-0.02,Neutral
1082944,FMA,2023,-0.02,Neutral
1082949,FMA,2023,-0.02,Neutral
1082940,FMA,2023,-0.02,Neutral
1084604,FMA,2023,-0.02,Neutral
1085398,FMA,2023,-0.02,Neutral
1084605,FMA,2023,-0.02,Neutral
1084606,FMA,2023,-0.02,Neutral
1093986,AMJ,2023,0.57,El Nino
1093987,AMJ,2023,0.57,El Nino
1102490,MJJ,2023,0.84,El Nino
1119261,MJJ,2023,0.84,El Nino
1115236,MJJ,2023,0.84,El Nino
1119188,MJJ,2023,0.84,El Nino
1102484,MJJ,2023,0.84,El Nino
1119190,MJJ,2023,0.84,El Nino
1124113,JJA,2023,1.12,El Nino
1128824,JJA,2023,1.12,El Nino
1128825,JJA,2023,1.12,El Nino
1128827,JJA,2023,1.12,El Nino
1128831,JJA,2023,1.12,El Nino
1116248,JJA,2023,1.12,El Nino
1116250,JJA,2023,1.12,El Nino
1102185,JJA,2023,1.12,El Nino
1102178,JJA,2023,1.12,El Nino
1102172,JJA,2023,1.12,El Nino
1102170,JJA,2023,1.12,El Nino
1102181,JJA,2023,1.12,El Nino
1102183,JJA,2023,1.12,El Nino
1102165,JJA,2023,1.12,El Nino
1102154,JJA,2023,1.12,El Nino
1108789,JJA,2023,1.12,El Nino
1108793,JJA,2023,1.12,El Nino
1117240,JJA,2023,1.12,El Nino
1128926,JJA,2023,1.12,El Nino
1128927,JJA,2023,1.12,El Nino
1128929,JJA,2023,1.12,El Nino
1128930,JJA,2023,1.12,El Nino
1128931,JJA,2023,1.12,El Nino
1128932,JJA,2023,1.12,El Nino
1121608,JAS,2023,1.37,El Nino
1122681,JAS,2023,1.37,El Nino
1122686,JAS,2023,1.37,El Nino
1128432,JAS,2023,1.37,El Nino
1122731,JAS,2023,1.37,El Nino
1122732,JAS,2023,1.37,El Nino
1126961,JAS,2023,1.37,El Nino
1126965,JAS,2023,1.37,El Nino
1126968,JAS,2023,1.37,El Nino
1126970,JAS,2023,1.37,El Nino
1133994,ASO,2023,1.6,El Nino
1139018,ASO,2023,1.6,El Nino
1139020,ASO,2023,1.6,El Nino
1139022,ASO,2023,1.6,El Nino
1137218,ASO,2023,1.6,El Nino
1133996,ASO,2023,1.6,El Nino
1156474,JFM,2024,1.62,El Nino
1156475,JFM,2024,1.62,El Nino
1165562,FMA,2024,1.26,El Nino
1176922,MAM,2024,0.82,El Nino
1189061,AMJ,2024,0.49,Neutral
1176904,AMJ,2024,0.49,Neutral
1176905,AMJ,2024,0.49,Neutral
1176906,AMJ,2024,0.49,Neutral
1176907,AMJ,2024,0.49,Neutral
1176908,AMJ,2024,0.49,Neutral
1184049,AMJ,2024,0.49,Neutral
1188683,AMJ,2024,0.49,Neutral
1188682,AMJ,2024,0.49,Neutral
1184087,AMJ,2024,0.49,Neutral
1183969,AMJ,2024,0.49,Neutral
1184016,AMJ,2024,0.49,Neutral
1183973,AMJ,2024,0.49,Neutral
1188684,AMJ,2024,0.49,Neutral
1188685,AMJ,2024,0.49,Neutral
1188687,AMJ,2024,0.49,Neutral
1188688,AMJ,2024,0.49,Neutral
1188689,AMJ,2024,0.49,Neutral
1182122,AMJ,2024,0.49,Neutral
1188730,AMJ,2024,0.49,Neutral
1181224,AMJ,2024,0.49,Neutral
1184229,AMJ,2024,0.49,Neutral
1184095,AMJ,2024,0.49,Neutral
1181255,AMJ,2024,0.49,Neutral
1186151,AMJ,2024,0.49,Neutral
1186158,AMJ,2024,0.49,Neutral
1188049,AMJ,2024,0.49,Neutral
1188056,AMJ,2024,0.49,Neutral
1188099,AMJ,2024,0.49,Neutral
1188073,AMJ,2024,0.49,Neutral
1188060,AMJ,2024,0.49,Neutral
1188101,AMJ,2024,0.49,Neutral
1193664,MJJ,2024,0.22,Neutral
1191082,MJJ,2024,0.22,Neutral
1191086,MJJ,2024,0.22,Neutral
1191083,MJJ,2024,0.22,Neutral
1181815,MJJ,2024,0.22,Neutral
1206804,JJA,2024,0.08,Neutral
1203284,JJA,2024,0.08,Neutral
1203281,JJA,2024,0.08,Neutral
1203286,JJA,2024,0.08,Neutral
1203283,JJA,2024,0.08,Neutral
1203282,JJA,2024,0.08,Neutral
1203285,JJA,2024,0.08,Neutral
1203243,JJA,2024,0.08,Neutral
1206852,JJA,2024,0.08,Neutral
1206853,JJA,2024,0.08,Neutral
1206855,JJA,2024,0.08,Neutral
1206923,JJA,2024,0.08,Neutral
1206946,JJA,2024,0.08,Neutral
1206947,JJA,2024,0.08,Neutral
1206943,JJA,2024,0.08,Neutral
1204734,JJA,2024,0.08,Neutral
1204720,JJA,2024,0.08,Neutral
1204729,JJA,2024,0.08,Neutral
1211191,JAS,2024,-0.07,Neutral
1211193,JAS,2024,-0.07,Neutral
1211192,JAS,2024,-0.07,Neutral
1200418,JAS,2024,-0.07,Neutral
1200419,JAS,2024,-0.07,Neutral
1200420,JAS,2024,-0.07,Neutral
1218307,ASO,2024,-0.17,Neutral
1217187,ASO,2024,-0.17,Neutral
1217186,ASO,2024,-0.17,Neutral
1217190,ASO,2024,-0.17,Neutral
1229930,DJF,2025,-0.45,Neutral
1229929,DJF,2025,-0.45,Neutral
1229931,DJF,2025,-0.45,Neutral
1229909,DJF,2025,-0.45,Neutral
1229921,DJF,2025,-0.45,Neutral
1236694,JFM,2025,-0.24,Neutral
1238006,JFM,2025,-0.24,Neutral
1236252,JFM,2025,-0.24,Neutral
1236612,JFM,2025,-0.24,Neutral
1237337,JFM,2025,-0.24,Neutral
1236584,JFM,2025,-0.24,Neutral
1236541,JFM,2025,-0.24,Neutral
1237355,JFM,2025,-0.24,Neutral
1237377,JFM,2025,-0.24,Neutral
1237374,JFM,2025,-0.24,Neutral
1237388,JFM,2025,-0.24,Neutral
1230212,JFM,2025,-0.24,Neutral
1236693,JFM,2025,-0.24,Neutral
1230214,JFM,2025,-0.24,Neutral
1287236,JFM,2025,-0.24,Neutral
1237356,JFM,2025,-0.24,Neutral
1287244,JFM,2025,-0.24,Neutral
1236544,JFM,2025,-0.24,Neutral
1238004,JFM,2025,-0.24,Neutral
1236440,JFM,2025,-0.24,Neutral
1236537,JFM,2025,-0.24,Neutral
1237358,JFM,2025,-0.24,Neutral
1238003,JFM,2025,-0.24,Neutral
1236398,JFM,2025,-0.24,Neutral
1236394,JFM,2025,-0.24,Neutral
1236136,JFM,2025,-0.24,Neutral
1238002,JFM,2025,-0.24,Neutral
1238001,JFM,2025,-0.24,Neutral
1237360,JFM,2025,-0.24,Neutral
1236658,JFM,2025,-0.24,Neutral
1236868,JFM,2025,-0.24,Neutral
1236390,JFM,2025,-0.24,Neutral
1235029,JFM,2025,-0.24,Neutral
1236385,JFM,2025,-0.24,Neutral
1236251,JFM,2025,-0.24,Neutral
1236546,JFM,2025,-0.24,Neutral
1236232,JFM,2025,-0.24,Neutral
1236559,JFM,2025,-0.24,Neutral
1237989,JFM,2025,-0.24,Neutral
1238011,JFM,2025,-0.24,Neutral
1236137,JFM,2025,-0.24,Neutral
1236386,JFM,2025,-0.24,Neutral
1237990,JFM,2025,-0.24,Neutral
1237992,JFM,2025,-0.24,Neutral
1236135,JFM,2025,-0.24,Neutral
1235578,JFM,2025,-0.24,Neutral
1236235,JFM,2025,-0.24,Neutral
1236650,JFM,2025,-0.24,Neutral
1236389,JFM,2025,-0.24,Neutral
1237869,JFM,2025,-0.24,Neutral
1236867,JFM,2025,-0.24,Neutral
1236598,JFM,2025,-0.24,Neutral
1236548,JFM,2025,-0.24,Neutral
1237372,JFM,2025,-0.24,Neutral
1236566,JFM,2025,-0.24,Neutral
1235577,JFM,2025,-0.24,Neutral
1238024,JFM,2025,-0.24,Neutral
1236388,JFM,2025,-0.24,Neutral
1236387,JFM,2025,-0.24,Neutral
1237991,JFM,2025,-0.24,Neutral
1236139,JFM,2025,-0.24,Neutral
1229939,JFM,2025,-0.24,Neutral
1229940,JFM,2025,-0.24,Neutral
1237995,JFM,2025,-0.24,Neutral
1238014,JFM,2025,-0.24,Neutral
1238021,JFM,2025,-0.24,Neutral
1236451,JFM,2025,-0.24,Neutral
1229942,JFM,2025,-0.24,Neutral
1231561,JFM,2025,-0.24,Neutral
1229943,JFM,2025,-0.24,Neutral
1238000,JFM,2025,-0.24,Neutral
1229941,JFM,2025,-0.24,Neutral
1245600,FMA,2025,-0.06,Neutral
1245601,FMA,2025,-0.06,Neutral
1258936,MAM,2025,0.02,Neutral
1258934,MAM,2025,0.02,Neutral
1258933,MAM,2025,0.02,Neutral
1274739,MAM,2025,0.02,Neutral
1258930,MAM,2025,0.02,Neutral
1258932,MAM,2025,0.02,Neutral
1258935,MAM,2025,0.02,Neutral
1258929,MAM,2025,0.02,Neutral
1258928,MAM,2025,0.02,Neutral
1259147,MAM,2025,0.02,Neutral
1258927,MAM,2025,0.02,Neutral
1258926,MAM,2025,0.02,Neutral
1258931,MAM,2025,0.02,Neutral
1259199,MAM,2025,0.02,Neutral
1274748,MAM,2025,0.02,Neutral
1274877,MAM,2025,0.02,Neutral
1258955,MAM,2025,0.02,Neutral
1242852,MAM,2025,0.02,Neutral
1242853,MAM,2025,0.02,Neutral
1242854,MAM,2025,0.02,Neutral
1245435,MAM,2025,0.02,Neutral
1242881,MAM,2025,0.02,Neutral
1242878,MAM,2025,0.02,Neutral
1242880,MAM,2025,0.02,Neutral
1258958,MAM,2025,0.02,Neutral
1258961,MAM,2025,0.02,Neutral
1258959,MAM,2025,0.02,Neutral
1258960,MAM,2025,0.02,Neutral
1258954,MAM,2025,0.02,Neutral
1274881,MAM,2025,0.02,Neutral
1274750,MAM,2025,0.02,Neutral
1258943,MAM,2025,0.02,Neutral
1274875,MAM,2025,0.02,Neutral
1258941,MAM,2025,0.02,Neutral
1258942,MAM,2025,0.02,Neutral
1258937,MAM,2025,0.02,Neutral
1258939,MAM,2025,0.02,Neutral
1258940,MAM,2025,0.02,Neutral
1258944,MAM,2025,0.02,Neutral
1258945,MAM,2025,0.02,Neutral
1258946,MAM,2025,0.02,Neutral
1274773,MAM,2025,0.02,Neutral
1258948,MAM,2025,0.02,Neutral
1258949,MAM,2025,0.02,Neutral
1258950,MAM,2025,0.02,Neutral
1258952,MAM,2025,0.02,Neutral
1258951,MAM,2025,0.02,Neutral
1274745,MAM,2025,0.02,Neutral
1258953,MAM,2025,0.02,Neutral
1258947,MAM,2025,0.02,Neutral
1258972,MAM,2025,0.02,Neutral
1258971,MAM,2025,0.02,Neutral
1258970,MAM,2025,0.02,Neutral
1258974,MAM,2025,0.02,Neutral
1258976,MAM,2025,0.02,Neutral
1258975,MAM,2025,0.02,Neutral
1258968,MAM,2025,0.02,Neutral
1258973,MAM,2025,0.02,Neutral
1277349,MAM,2025,0.02,Neutral
1258967,MAM,2025,0.02,Neutral
1277540,MAM,2025,0.02,Neutral
1258969,MAM,2025,0.02,Neutral
1258963,MAM,2025,0.02,Neutral
1258966,MAM,2025,0.02,Neutral
1258964,MAM,2025,0.02,Neutral
1258962,MAM,2025,0.02,Neutral
1246691,MAM,2025,0.02,Neutral
1246709,MAM,2025,0.02,Neutral
1251092,AMJ,2025,-0.02,Neutral
1292952,AMJ,2025,-0.02,Neutral
1292951,AMJ,2025,-0.02,Neutral
1292873,AMJ,2025,-0.02,Neutral
1291959,AMJ,2025,-0.02,Neutral
1292711,AMJ,2025,-0.02,Neutral
1267538,AMJ,2025,-0.02,Neutral
1272575,AMJ,2025,-0.02,Neutral
1252146,AMJ,2025,-0.02,Neutral
1252143,AMJ,2025,-0.02,Neutral
1262678,MJJ,2025,-0.04,Neutral
1262681,MJJ,2025,-0.04,Neutral
1271649,MJJ,2025,-0.04,Neutral
1271652,MJJ,2025,-0.04,Neutral
1271654,MJJ,2025,-0.04,Neutral
1271656,MJJ,2025,-0.04,Neutral
1271665,MJJ,2025,-0.04,Neutral
1271662,MJJ,2025,-0.04,Neutral
1271669,MJJ,2025,-0.04,Neutral
1292625,MJJ,2025,-0.04,Neutral
1271660,MJJ,2025,-0.04,Neutral
1271670,MJJ,2025,-0.04,Neutral
1266994,MJJ,2025,-0.04,Neutral
1270911,MJJ,2025,-0.04,Neutral
1270959,MJJ,2025,-0.04,Neutral
1270962,MJJ,2025,-0.04,Neutral
1270965,MJJ,2025,-0.04,Neutral
1270967,MJJ,2025,-0.04,Neutral
1270968,MJJ,2025,-0.04,Neutral
1266053,JJA,2025,-0.14,Neutral
1266054,JJA,2025,-0.14,Neutral
1266052,JJA,2025,-0.14,Neutral
1266050,JJA,2025,-0.14,Neutral
1266037,JJA,2025,-0.14,Neutral
1266031,JJA,2025,-0.14,Neutral
1290068,JJA,2025,-0.14,Neutral
1294806,JJA,2025,-0.14,Neutral
1268507,JJA,2025,-0.14,Neutral
1275331,JJA,2025,-0.14,Neutral
1275292,JJA,2025,-0.14,Neutral
1275293,JJA,2025,-0.14,Neutral
1275294,JJA,2025,-0.14,Neutral
1275295,JJA,2025,-0.14,Neutral
1304116,JJA,2025,-0.14,Neutral
1273610,JJA,2025,-0.14,Neutral
1273616,JJA,2025,-0.14,Neutral
1268508,JJA,2025,-0.14,Neutral
1289969,JAS,2025,-0.28,Neutral
1293706,ASO,2025,-0.4,Neutral
1287795,ASO,2025,-0.4,Neutral
1287796,ASO,2025,-0.4,Neutral
1297629,SON,2025,-0.51,La Nina
1295858,SON,2025,-0.51,La Nina
1297632,SON,2025,-0.51,La Nina
1295859,SON,2025,-0.51,La Nina
1297630,SON,2025,-0.51,La Nina
1295857,SON,2025,-0.51,La Nina
1295856,SON,2025,-0.51,La Nina
1297631,SON,2025,-0.51,La Nina
1295860,SON,2025,-0.51,La Nina
